#
# There is insufficient memory for the Java Runtime Environment to continue.
# Native memory allocation (mmap) failed to map 65536 bytes. Error detail: Failed to commit metaspace.
# Possible reasons:
#   The system is out of physical RAM or swap space
#   This process is running with CompressedOops enabled, and the Java Heap may be blocking the growth of the native heap
# Possible solutions:
#   Reduce memory load on the system
#   Increase physical memory or swap space
#   Check if swap backing store is full
#   Decrease Java heap size (-Xmx/-Xms)
#   Decrease number of Java threads
#   Decrease Java thread stack sizes (-Xss)
#   Set larger code cache with -XX:ReservedCodeCacheSize=
#   JVM is running with Zero Based Compressed Oops mode in which the Java heap is
#     placed in the first 32GB address space. The Java Heap base address is the
#     maximum limit for the native heap growth. Please use -XX:HeapBaseMinAddress
#     to set the Java Heap base and to place the Java Heap above 32GB virtual address.
# This output file may be truncated or incomplete.
#
#  Out of Memory Error (virtualSpaceNode.cpp:113), pid=53864, tid=57752
#
# JRE version: OpenJDK Runtime Environment Temurin-21.0.12.1+1 (21.0.12.1+1) (build 21.0.12.1+1-LTS)
# Java VM: OpenJDK 64-Bit Server VM Temurin-21.0.12.1+1 (21.0.12.1+1-LTS, mixed mode, sharing, tiered, compressed oops, compressed class ptrs, g1 gc, windows-amd64)
# No core dump will be written. Minidumps are not enabled by default on client versions of Windows
#

---------------  S U M M A R Y ------------

Command Line: --add-opens=java.base/java.lang=ALL-UNNAMED --add-opens=java.base/java.lang.invoke=ALL-UNNAMED --add-opens=java.base/java.util=ALL-UNNAMED --add-opens=java.prefs/java.util.prefs=ALL-UNNAMED --add-exports=jdk.compiler/com.sun.tools.javac.api=ALL-UNNAMED --add-exports=jdk.compiler/com.sun.tools.javac.util=ALL-UNNAMED --add-opens=java.base/java.nio.charset=ALL-UNNAMED --add-opens=java.base/java.net=ALL-UNNAMED --add-opens=java.base/java.util.concurrent=ALL-UNNAMED --add-opens=java.base/java.util.concurrent.atomic=ALL-UNNAMED --add-opens=java.xml/javax.xml.namespace=ALL-UNNAMED --add-opens=java.base/java.time=ALL-UNNAMED -Dfile.encoding=UTF-8 -Duser.country=KR -Duser.language=ko -Duser.variant -javaagent:C:\Users\Coding\.gradle\wrapper\dists\gradle-9.7.1-bin\1w1c7tv4s851m17nbqdsro2tv\gradle-9.7.1\lib\agents\gradle-instrumentation-agent-9.7.1.jar org.gradle.launcher.daemon.bootstrap.GradleDaemon 9.7.1

Host: AMD Ryzen 5 5560U with Radeon Graphics         , 12 cores, 15G,  Windows 11 , 64 bit Build 26100 (10.0.26100.9549)
Time: Wed Oct  7 17:16:12 2026 elapsed time: 175.853303 seconds (0d 0h 2m 55s)

---------------  T H R E A D  ---------------

Current thread (0x000002115b8fdc10):  JavaThread "Daemon worker"        [_thread_in_vm, id=57752, stack(0x000000dd71d00000,0x000000dd71e00000) (1024K)]

Stack: [0x000000dd71d00000,0x000000dd71e00000]
Native frames: (J=compiled Java code, j=interpreted, Vv=VM code, C=native code)
V  [jvm.dll+0x6d83e9]
V  [jvm.dll+0x8b5736]
V  [jvm.dll+0x8b7cee]
V  [jvm.dll+0x8b83d3]
V  [jvm.dll+0x284596]
V  [jvm.dll+0x8b147e]
V  [jvm.dll+0x679ad4]
V  [jvm.dll+0x1e849b]
V  [jvm.dll+0x1e825e]
V  [jvm.dll+0x67c3d2]
V  [jvm.dll+0x67c202]
V  [jvm.dll+0x67a4ae]
V  [jvm.dll+0x26f864]
V  [jvm.dll+0x21a11f]
V  [jvm.dll+0x20f80e]
V  [jvm.dll+0x5b6a7f]
V  [jvm.dll+0x82f606]
V  [jvm.dll+0x4792f8]
V  [jvm.dll+0x47f128]
C  [java.dll+0x17ec]

Java frames: (J=compiled Java code, j=interpreted, Vv=VM code)
J 762  java.lang.ClassLoader.defineClass1(Ljava/lang/ClassLoader;Ljava/lang/String;[BIILjava/security/ProtectionDomain;Ljava/lang/String;)Ljava/lang/Class; java.base@21.0.12.1 (0 bytes) @ 0x0000021107b1eb91 [0x0000021107b1eac0+0x00000000000000d1]
J 1149 c1 java.lang.ClassLoader.defineClass(Ljava/lang/String;[BIILjava/security/ProtectionDomain;)Ljava/lang/Class; java.base@21.0.12.1 (43 bytes) @ 0x00000211001f077c [0x00000211001f0420+0x000000000000035c]
J 1024 c1 java.security.SecureClassLoader.defineClass(Ljava/lang/String;[BIILjava/security/CodeSource;)Ljava/lang/Class; java.base@21.0.12.1 (16 bytes) @ 0x00000211001c179c [0x00000211001c16c0+0x00000000000000dc]
J 910 c1 java.net.URLClassLoader.defineClass(Ljava/lang/String;Ljdk/internal/loader/Resource;)Ljava/lang/Class; java.base@21.0.12.1 (224 bytes) @ 0x000002110018677c [0x0000021100184fa0+0x00000000000017dc]
J 909 c1 java.net.URLClassLoader$1.run()Ljava/lang/Class; java.base@21.0.12.1 (81 bytes) @ 0x000002110018350c [0x00000211001828c0+0x0000000000000c4c]
J 848 c1 java.net.URLClassLoader$1.run()Ljava/lang/Object; java.base@21.0.12.1 (5 bytes) @ 0x0000021100163d54 [0x0000021100163cc0+0x0000000000000094]
J 667 c1 java.security.AccessController.doPrivileged(Ljava/security/PrivilegedExceptionAction;Ljava/security/AccessControlContext;)Ljava/lang/Object; java.base@21.0.12.1 (26 bytes) @ 0x000002110010918c [0x0000021100108fa0+0x00000000000001ec]
J 1459 c1 java.net.URLClassLoader.findClass(Ljava/lang/String;)Ljava/lang/Class; java.base@21.0.12.1 (47 bytes) @ 0x00000211002c2e54 [0x00000211002c2ca0+0x00000000000001b4]
J 756 c1 java.lang.ClassLoader.loadClass(Ljava/lang/String;Z)Ljava/lang/Class; java.base@21.0.12.1 (121 bytes) @ 0x000002110013d72c [0x000002110013d160+0x00000000000005cc]
J 774 c1 java.lang.ClassLoader.loadClass(Ljava/lang/String;)Ljava/lang/Class; java.base@21.0.12.1 (7 bytes) @ 0x0000021100144c54 [0x0000021100144b40+0x0000000000000114]
v  ~StubRoutines::call_stub 0x000002110753100d
j  com.google.common.cache.LocalCache.newSegmentArray(I)[Lcom/google/common/cache/LocalCache$Segment;+1
j  com.google.common.cache.LocalCache.<init>(Lcom/google/common/cache/CacheBuilder;Lcom/google/common/cache/CacheLoader;)V+281
j  com.google.common.cache.LocalCache$LocalManualCache.<init>(Lcom/google/common/cache/CacheBuilder;)V+7
j  com.google.common.cache.CacheBuilder.build()Lcom/google/common/cache/Cache;+13
j  org.gradle.api.tasks.util.internal.CachingPatternSpecFactory.<init>()V+33
j  org.gradle.internal.service.scopes.GlobalScopeServices.createPatternSpecFactory(Lorg/gradle/internal/event/ListenerManager;)Lorg/gradle/api/tasks/util/internal/PatternSpecFactory;+4
j  java.lang.invoke.LambdaForm$DMH+0x000002111703e400.invokeVirtual(Ljava/lang/Object;Ljava/lang/Object;Ljava/lang/Object;)Ljava/lang/Object;+11 java.base@21.0.12.1
j  java.lang.invoke.LambdaForm$MH+0x0000021117080000.invoke(Ljava/lang/Object;Ljava/lang/Object;Ljava/lang/Object;)Ljava/lang/Object;+52 java.base@21.0.12.1
J 2325 c1 jdk.internal.reflect.DirectMethodHandleAccessor.invoke(Ljava/lang/Object;[Ljava/lang/Object;)Ljava/lang/Object; java.base@21.0.12.1 (92 bytes) @ 0x000002110047d914 [0x000002110047bcc0+0x0000000000001c54]
J 2324 c1 java.lang.reflect.Method.invoke(Ljava/lang/Object;[Ljava/lang/Object;)Ljava/lang/Object; java.base@21.0.12.1 (108 bytes) @ 0x000002110047b3dc [0x000002110047aec0+0x000000000000051c]
j  org.gradle.internal.reflect.JavaMethod.invoke(Ljava/lang/Object;[Ljava/lang/Object;)Ljava/lang/Object;+6
j  org.gradle.internal.service.ReflectionBasedServiceMethod.invoke(Ljava/lang/Object;[Ljava/lang/Object;)Ljava/lang/Object;+6
j  org.gradle.internal.service.DefaultServiceRegistry$FactoryMethodService.invokeMethod([Ljava/lang/Object;)Ljava/lang/Object;+28
j  org.gradle.internal.service.DefaultServiceRegistry$FactoryService.createServiceInstance()Ljava/lang/Object;+7
j  org.gradle.internal.service.DefaultServiceRegistry$FactoryMethodService.createServiceInstance()Ljava/lang/Object;+1
j  org.gradle.internal.service.DefaultServiceRegistry$ManagedObjectServiceProvider.getInstance()Ljava/lang/Object;+24
j  org.gradle.internal.service.DefaultServiceRegistry$SingletonService.get()Ljava/lang/Object;+1
j  org.gradle.internal.service.DefaultServiceRegistry$FactoryService.assembleParameters()[Ljava/lang/Object;+75
j  org.gradle.internal.service.DefaultServiceRegistry$FactoryService.createServiceInstance()Ljava/lang/Object;+1
j  org.gradle.internal.service.DefaultServiceRegistry$FactoryMethodService.createServiceInstance()Ljava/lang/Object;+1
j  org.gradle.internal.service.DefaultServiceRegistry$ManagedObjectServiceProvider.getInstance()Ljava/lang/Object;+24
j  org.gradle.internal.service.DefaultServiceRegistry$SingletonService.get()Ljava/lang/Object;+1
j  org.gradle.internal.service.DefaultServiceRegistry$FactoryService.assembleParameters()[Ljava/lang/Object;+75
j  org.gradle.internal.service.DefaultServiceRegistry$FactoryService.createServiceInstance()Ljava/lang/Object;+1
j  org.gradle.internal.service.DefaultServiceRegistry$FactoryMethodService.createServiceInstance()Ljava/lang/Object;+1
j  org.gradle.internal.service.DefaultServiceRegistry$ManagedObjectServiceProvider.getInstance()Ljava/lang/Object;+24
j  org.gradle.internal.service.DefaultServiceRegistry$SingletonService.get()Ljava/lang/Object;+1
j  org.gradle.internal.service.DefaultServiceRegistry$FactoryService.assembleParameters()[Ljava/lang/Object;+75
j  org.gradle.internal.service.DefaultServiceRegistry$FactoryService.createServiceInstance()Ljava/lang/Object;+1
j  org.gradle.internal.service.DefaultServiceRegistry$FactoryMethodService.createServiceInstance()Ljava/lang/Object;+1
j  org.gradle.internal.service.DefaultServiceRegistry$ManagedObjectServiceProvider.getInstance()Ljava/lang/Object;+24
j  org.gradle.internal.service.DefaultServiceRegistry$SingletonService.get()Ljava/lang/Object;+1
j  org.gradle.internal.service.DefaultServiceRegistry$FactoryService.assembleParameters()[Ljava/lang/Object;+75
j  org.gradle.internal.service.DefaultServiceRegistry$FactoryService.createServiceInstance()Ljava/lang/Object;+1
j  org.gradle.internal.service.DefaultServiceRegistry$FactoryMethodService.createServiceInstance()Ljava/lang/Object;+1
j  org.gradle.internal.service.DefaultServiceRegistry$ManagedObjectServiceProvider.getInstance()Ljava/lang/Object;+24
j  org.gradle.internal.service.DefaultServiceRegistry$SingletonService.get()Ljava/lang/Object;+1
j  org.gradle.internal.service.DefaultServiceRegistry.applyConfigureMethod(Lorg/gradle/internal/service/ServiceAccessToken;Lorg/gradle/internal/service/ServiceMethod;Ljava/lang/Object;)V+134
j  org.gradle.internal.service.DefaultServiceRegistry.findProviderMethods(Lorg/gradle/internal/service/ServiceRegistrationProvider;Lorg/gradle/internal/service/ServiceAccessToken;)V+217
j  org.gradle.internal.service.DefaultServiceRegistry.addProvider(Lorg/gradle/internal/service/ServiceRegistrationProvider;)Lorg/gradle/internal/service/DefaultServiceRegistry;+20
j  org.gradle.internal.service.DefaultServiceRegistry$1.addProvider(Lorg/gradle/internal/service/ServiceRegistrationProvider;)V+5
j  org.gradle.internal.service.scopes.GradleUserHomeScopeServices.configure(Lorg/gradle/internal/service/ServiceRegistration;)V+13
j  java.lang.invoke.DirectMethodHandle$Holder.invokeVirtual(Ljava/lang/Object;Ljava/lang/Object;Ljava/lang/Object;)V+11 java.base@21.0.12.1
j  java.lang.invoke.LambdaForm$MH+0x000002111703e000.invoke(Ljava/lang/Object;Ljava/lang/Object;)Ljava/lang/Object;+39 java.base@21.0.12.1
j  java.lang.invoke.LambdaForm$MH+0x000002111703d800.invoke(Ljava/lang/Object;Ljava/lang/Object;Ljava/lang/Object;)Ljava/lang/Object;+45 java.base@21.0.12.1
j  java.lang.invoke.Invokers$Holder.invokeExact_MT(Ljava/lang/Object;Ljava/lang/Object;Ljava/lang/Object;Ljava/lang/Object;)Ljava/lang/Object;+20 java.base@21.0.12.1
j  java.lang.invoke.MethodHandle.invokeWithArguments([Ljava/lang/Object;)Ljava/lang/Object;+28 java.base@21.0.12.1
j  org.gradle.internal.service.MethodHandleBasedServiceMethod.invoke(Ljava/lang/Object;[Ljava/lang/Object;)Ljava/lang/Object;+9
j  org.gradle.internal.service.DefaultServiceRegistry.applyConfigureMethod(Lorg/gradle/internal/service/ServiceAccessToken;Lorg/gradle/internal/service/ServiceMethod;Ljava/lang/Object;)V+150
j  org.gradle.internal.service.DefaultServiceRegistry.findProviderMethods(Lorg/gradle/internal/service/ServiceRegistrationProvider;Lorg/gradle/internal/service/ServiceAccessToken;)V+217
j  org.gradle.internal.service.DefaultServiceRegistry.addProvider(Lorg/gradle/internal/service/ServiceRegistrationProvider;)Lorg/gradle/internal/service/DefaultServiceRegistry;+20
j  org.gradle.internal.service.ServiceRegistryBuilder.build()Lorg/gradle/internal/service/CloseableServiceRegistry;+93
j  org.gradle.internal.service.scopes.DefaultGradleUserHomeScopeServiceRegistry.getServicesFor(Ljava/io/File;)Lorg/gradle/internal/service/ServiceRegistry;+152
j  org.gradle.internal.session.BuildSessionState.<init>(Lorg/gradle/internal/service/scopes/GradleUserHomeScopeServiceRegistry;Lorg/gradle/internal/session/CrossBuildSessionState;Lorg/gradle/api/internal/StartParameterInternal;Lorg/gradle/initialization/BuildRequestMetaData;Lorg/gradle/internal/classpath/ClassPath;Lorg/gradle/initialization/BuildCancellationToken;Lorg/gradle/initialization/BuildClientMetaData;Lorg/gradle/initialization/BuildEventConsumer;)V+15
j  org.gradle.internal.buildprocess.execution.BuildSessionLifecycleBuildActionExecutor.execute(Lorg/gradle/internal/invocation/BuildAction;Lorg/gradle/launcher/exec/BuildActionParameters;Lorg/gradle/initialization/BuildRequestContext;)Lorg/gradle/launcher/exec/BuildActionResult;+96
j  org.gradle.internal.buildprocess.execution.BuildSessionLifecycleBuildActionExecutor.execute(Lorg/gradle/internal/invocation/BuildAction;Ljava/lang/Object;Ljava/lang/Object;)Lorg/gradle/launcher/exec/BuildActionResult;+10
j  org.gradle.internal.buildprocess.execution.StartParamsValidatingActionExecutor.execute(Lorg/gradle/internal/invocation/BuildAction;Lorg/gradle/launcher/exec/BuildActionParameters;Lorg/gradle/initialization/BuildRequestContext;)Lorg/gradle/launcher/exec/BuildActionResult;+142
j  org.gradle.internal.buildprocess.execution.StartParamsValidatingActionExecutor.execute(Lorg/gradle/internal/invocation/BuildAction;Ljava/lang/Object;Ljava/lang/Object;)Lorg/gradle/launcher/exec/BuildActionResult;+10
j  org.gradle.internal.buildprocess.execution.SessionFailureReportingActionExecutor.execute(Lorg/gradle/internal/invocation/BuildAction;Lorg/gradle/launcher/exec/BuildActionParameters;Lorg/gradle/initialization/BuildRequestContext;)Lorg/gradle/launcher/exec/BuildActionResult;+7
j  org.gradle.internal.buildprocess.execution.SessionFailureReportingActionExecutor.execute(Lorg/gradle/internal/invocation/BuildAction;Ljava/lang/Object;Ljava/lang/Object;)Lorg/gradle/launcher/exec/BuildActionResult;+10
j  org.gradle.internal.buildprocess.execution.SetupLoggingActionExecutor.execute(Lorg/gradle/internal/invocation/BuildAction;Lorg/gradle/launcher/exec/BuildActionParameters;Lorg/gradle/initialization/BuildRequestContext;)Lorg/gradle/launcher/exec/BuildActionResult;+50
j  org.gradle.internal.buildprocess.execution.SetupLoggingActionExecutor.execute(Lorg/gradle/internal/invocation/BuildAction;Ljava/lang/Object;Ljava/lang/Object;)Lorg/gradle/launcher/exec/BuildActionResult;+10
j  org.gradle.launcher.daemon.server.exec.ExecuteBuild.doBuild(Lorg/gradle/launcher/daemon/server/api/DaemonCommandExecution;Lorg/gradle/launcher/daemon/protocol/Build;)V+147
j  org.gradle.launcher.daemon.server.exec.BuildCommandOnly.execute(Lorg/gradle/launcher/daemon/server/api/DaemonCommandExecution;)V+49
j  org.gradle.launcher.daemon.server.api.DaemonCommandExecution.proceed()Z+23
j  org.gradle.launcher.daemon.server.exec.WatchForDisconnection.execute(Lorg/gradle/launcher/daemon/server/api/DaemonCommandExecution;)V+19
j  org.gradle.launcher.daemon.server.api.DaemonCommandExecution.proceed()Z+23
j  org.gradle.launcher.daemon.server.exec.ResetDeprecationLogger.execute(Lorg/gradle/launcher/daemon/server/api/DaemonCommandExecution;)V+7
j  org.gradle.launcher.daemon.server.api.DaemonCommandExecution.proceed()Z+23
j  org.gradle.launcher.daemon.server.exec.RequestStopIfSingleUsedDaemon.execute(Lorg/gradle/launcher/daemon/server/api/DaemonCommandExecution;)V+33
j  org.gradle.launcher.daemon.server.api.DaemonCommandExecution.proceed()Z+23
j  org.gradle.launcher.daemon.server.exec.ForwardClientInput.lambda$execute$0(Lorg/gradle/launcher/daemon/server/api/DaemonCommandExecution;Lorg/gradle/internal/daemon/clientinput/StdinHandler;)Ljava/lang/Object;+11
j  org.gradle.launcher.daemon.server.exec.ForwardClientInput$$Lambda+0x0000021117198ae0.apply(Ljava/lang/Object;)Ljava/lang/Object;+8
j  org.gradle.internal.daemon.clientinput.ClientInputForwarder.forwardInput(Ljava/util/function/Function;)Ljava/lang/Object;+46
j  org.gradle.launcher.daemon.server.exec.ForwardClientInput.execute(Lorg/gradle/launcher/daemon/server/api/DaemonCommandExecution;)V+10
j  org.gradle.launcher.daemon.server.api.DaemonCommandExecution.proceed()Z+23
j  org.gradle.launcher.daemon.server.exec.LogAndCheckHealth.execute(Lorg/gradle/launcher/daemon/server/api/DaemonCommandExecution;)V+51
j  org.gradle.launcher.daemon.server.api.DaemonCommandExecution.proceed()Z+23
j  org.gradle.launcher.daemon.server.exec.ApplyClientEnvironmentVariables.doBuild(Lorg/gradle/launcher/daemon/server/api/DaemonCommandExecution;Lorg/gradle/launcher/daemon/protocol/Build;)V+133
j  org.gradle.launcher.daemon.server.exec.BuildCommandOnly.execute(Lorg/gradle/launcher/daemon/server/api/DaemonCommandExecution;)V+49
j  org.gradle.launcher.daemon.server.api.DaemonCommandExecution.proceed()Z+23
j  org.gradle.launcher.daemon.server.exec.LogToClient.doBuild(Lorg/gradle/launcher/daemon/server/api/DaemonCommandExecution;Lorg/gradle/launcher/daemon/protocol/Build;)V+87
j  org.gradle.launcher.daemon.server.exec.BuildCommandOnly.execute(Lorg/gradle/launcher/daemon/server/api/DaemonCommandExecution;)V+49
j  org.gradle.launcher.daemon.server.api.DaemonCommandExecution.proceed()Z+23
j  org.gradle.launcher.daemon.server.exec.EstablishBuildEnvironment.doBuild(Lorg/gradle/launcher/daemon/server/api/DaemonCommandExecution;Lorg/gradle/launcher/daemon/protocol/Build;)V+225
j  org.gradle.launcher.daemon.server.exec.BuildCommandOnly.execute(Lorg/gradle/launcher/daemon/server/api/DaemonCommandExecution;)V+49
j  org.gradle.launcher.daemon.server.api.DaemonCommandExecution.proceed()Z+23
j  org.gradle.launcher.daemon.server.exec.StartBuildOrRespondWithBusy$1.run()V+44
j  org.gradle.launcher.daemon.server.DaemonStateCoordinator.lambda$runCommand$0(Ljava/lang/Runnable;)V+1
j  org.gradle.launcher.daemon.server.DaemonStateCoordinator$$Lambda+0x00000211171976a0.run()V+8
j  org.gradle.internal.concurrent.ExecutorPolicy$CatchAndRecordFailures.onExecute(Ljava/lang/Runnable;)V+1
j  org.gradle.internal.concurrent.AbstractManagedExecutor$1.run()V+25
j  java.util.concurrent.ThreadPoolExecutor.runWorker(Ljava/util/concurrent/ThreadPoolExecutor$Worker;)V+92 java.base@21.0.12.1
j  java.util.concurrent.ThreadPoolExecutor$Worker.run()V+5 java.base@21.0.12.1
j  java.lang.Thread.runWith(Ljava/lang/Object;Ljava/lang/Runnable;)V+5 java.base@21.0.12.1
j  java.lang.Thread.run()V+19 java.base@21.0.12.1
v  ~StubRoutines::call_stub 0x000002110753100d

Compiled method (n/a) 181881  762     n 0       java.lang.ClassLoader::defineClass1 (native)
 total in heap  [0x0000021107b1e910,0x0000021107b1eea8] = 1432
 relocation     [0x0000021107b1ea70,0x0000021107b1eaa8] = 56
 main code      [0x0000021107b1eac0,0x0000021107b1eea1] = 993
 stub code      [0x0000021107b1eea1,0x0000021107b1eea8] = 7

[Constant Pool (empty)]

[MachCode]
[Entry Point]
  # {method} {0x0000021116434c38} 'defineClass1' '(Ljava/lang/ClassLoader;Ljava/lang/String;[BIILjava/security/ProtectionDomain;Ljava/lang/String;)Ljava/lang/Class;' in 'java/lang/ClassLoader'
  # parm0:    rdx:rdx   = 'java/lang/ClassLoader'
  # parm1:    r8:r8     = 'java/lang/String'
  # parm2:    r9:r9     = '[B'
  # parm3:    rdi       = int
  # parm4:    rsi       = int
  # parm5:    rcx:rcx   = 'java/security/ProtectionDomain'
  # parm6:    [sp+0xa0]   = 'java/lang/String'  (sp of caller)
  0x0000021107b1eac0: 448b 5208 | 49bb 0000 | 0016 1102 | 0000 4d03 | d349 3bc2 | 0f84 0600 

  0x0000021107b1ead8: ;   {runtime_call ic_miss_stub}
  0x0000021107b1ead8: 0000 e9a1 | fca5 ff90 
[Verified Entry Point]
  0x0000021107b1eae0: 8984 2400 | 80ff ff55 | 488b ec48 | 81ec 9000 | 0000 6690 | 4181 7f20 | 0100 0000 

  0x0000021107b1eafc: ;   {runtime_call StubRoutines (final stubs)}
  0x0000021107b1eafc: 7405 e8dd | 79a4 ff48 | 837d 1000 | 488d 4510 | 480f 4445 | 1048 8944 | 2440 4889 | 4c24 7048 
  0x0000021107b1eb1c: 83f9 0048 | 8d44 2470 | 480f 4444 | 2470 4889 | 4424 3848 | 8974 2430 | 4889 7c24 | 284c 894c 
  0x0000021107b1eb3c: 2458 4983 | f900 488d | 4424 5848 | 0f44 4424 | 5848 8944 | 2420 4c89 | 4424 5049 | 83f8 004c 
  0x0000021107b1eb5c: 8d4c 2450 | 4c0f 444c | 2450 4889 | 5424 4848 | 83fa 004c | 8d44 2448 | 4c0f 4444 

  0x0000021107b1eb78: ;   {oop(a 'java/lang/Class'{0x0000000709dd5cb0} = 'java/lang/ClassLoader')}
  0x0000021107b1eb78: 2448 49be | b05c dd09 | 0700 0000 | 4c89 7424 | 784c 8d74 | 2478 498b | d6c5 f877 

  0x0000021107b1eb94: ;   {internal_word}
  0x0000021107b1eb94: 49ba 91eb | b107 1102 | 0000 4d89 | 97a8 0300 | 0049 89a7 | a003 0000 

  0x0000021107b1ebac: ;   {external_word}
  0x0000021107b1ebac: 49ba 066d | 72eb f87f | 0000 4180 | 3a00 0f84 | 4e00 0000 | 5241 5041 

  0x0000021107b1ebc4: ;   {metadata({method} {0x0000021116434c38} 'defineClass1' '(Ljava/lang/ClassLoader;Ljava/lang/String;[BIILjava/security/ProtectionDomain;Ljava/lang/String;)Ljava/lang/Class;' in 'java/lang/ClassLoader')}
  0x0000021107b1ebc4: 5148 ba30 | 4c43 1611 | 0200 0049 | 8bcf 4883 | ec20 40f6 | c40f 0f84 | 1900 0000 | 4883 ec08 
  0x0000021107b1ebe4: ;   {runtime_call}
  0x0000021107b1ebe4: 48b8 e0ea | 1beb f87f | 0000 ffd0 | 4883 c408 | e90c 0000 

  0x0000021107b1ebf8: ;   {runtime_call}
  0x0000021107b1ebf8: 0048 b8e0 | ea1b ebf8 | 7f00 00ff | d048 83c4 | 2041 5941 | 585a 498d | 8fc0 0300 | 0041 c787 
  0x0000021107b1ec18: 4c04 0000 | 0400 0000 

  0x0000021107b1ec20: ;   {runtime_call}
  0x0000021107b1ec20: 48b8 ac16 | 80ea f87f | 0000 ffd0 | c5f8 7741 | c787 4c04 | 0000 0500 | 0000 f083 | 4424 c000 
  0x0000021107b1ec40: 493b af50 | 0400 000f | 870e 0000 | 0041 83bf | 4804 0000 | 000f 842b | 0000 00c5 | f877 4889 
  0x0000021107b1ec60: 45f8 498b | cf4c 8be4 | 4883 ec20 | 4883 e4f0 

  0x0000021107b1ec70: ;   {runtime_call}
  0x0000021107b1ec70: 48b8 0058 | e7ea f87f | 0000 ffd0 | 498b e44d | 33e4 488b | 45f8 41c7 | 874c 0400 | 0008 0000 
  0x0000021107b1ec90: 0041 83bf | c804 0000 | 020f 84d5 

  0x0000021107b1ec9c: ;   {external_word}
  0x0000021107b1ec9c: 0100 0049 | ba06 6d72 | ebf8 7f00 | 0041 803a | 000f 844c | 0000 0048 

  0x0000021107b1ecb4: ;   {metadata({method} {0x0000021116434c38} 'defineClass1' '(Ljava/lang/ClassLoader;Ljava/lang/String;[BIILjava/security/ProtectionDomain;Ljava/lang/String;)Ljava/lang/Class;' in 'java/lang/ClassLoader')}
  0x0000021107b1ecb4: 8945 f848 | ba30 4c43 | 1611 0200 | 0049 8bcf | 4883 ec20 | 40f6 c40f | 0f84 1900 | 0000 4883 
  0x0000021107b1ecd4: ;   {runtime_call}
  0x0000021107b1ecd4: ec08 48b8 | e0ea 1beb | f87f 0000 | ffd0 4883 | c408 e90c 

  0x0000021107b1ece8: ;   {runtime_call}
  0x0000021107b1ece8: 0000 0048 | b8e0 ea1b | ebf8 7f00 | 00ff d048 | 83c4 2048 | 8b45 f849 | c787 a003 | 0000 0000 
  0x0000021107b1ed08: 0000 49c7 | 87a8 0300 | 0000 0000 | 00c5 f877 | 4885 c00f | 8430 0100 | 00a8 030f | 8508 0000 
  0x0000021107b1ed28: 0048 8b00 | e920 0100 | 00a8 010f | 8509 0000 | 0048 8b40 | fee9 0f01 | 0000 488b | 40ff 4180 
  0x0000021107b1ed48: 7f40 000f | 8400 0100 | 0048 83f8 | 000f 84f6 | 0000 0049 | 8b4f 2848 | 83f9 000f | 8414 0000 
  0x0000021107b1ed68: 0048 83e9 | 0849 894f | 2849 034f | 3848 8901 | e9d4 0000 | 0048 83ec | 7048 8904 | 2448 894c 
  0x0000021107b1ed88: 2408 4889 | 5424 104c | 8944 2418 | 4c89 4c24 | 204c 8954 | 2428 4c89 | 5c24 30c5 | fb11 4424 
  0x0000021107b1eda8: 40c5 fb11 | 4c24 48c5 | fb11 5424 | 50c5 fb11 | 5c24 58c5 | fb11 6424 | 60c5 fb11 | 6c24 6849 
  0x0000021107b1edc8: 8bd7 488b | c848 83ec | 2040 f6c4 | 0f0f 8419 | 0000 0048 

  0x0000021107b1eddc: ;   {runtime_call}
  0x0000021107b1eddc: 83ec 0848 | b820 a4da | eaf8 7f00 | 00ff d048 | 83c4 08e9 | 0c00 0000 

  0x0000021107b1edf4: ;   {runtime_call}
  0x0000021107b1edf4: 48b8 20a4 | daea f87f | 0000 ffd0 | 4883 c420 | c5fb 106c | 2468 c5fb | 1064 2460 | c5fb 105c 
  0x0000021107b1ee14: 2458 c5fb | 1054 2450 | c5fb 104c | 2448 c5fb | 1044 2440 | 4c8b 5c24 | 304c 8b54 | 2428 4c8b 
  0x0000021107b1ee34: 4c24 204c | 8b44 2418 | 488b 5424 | 1048 8b4c | 2408 488b | 0424 4883 | c470 c5f8 | 7749 8b8f 
  0x0000021107b1ee54: 3004 0000 | c781 0001 | 0000 0000 | 0000 c949 | 837f 0800 | 0f85 0100 

  0x0000021107b1ee6c: ;   {runtime_call StubRoutines (initial stubs)}
  0x0000021107b1ee6c: 0000 c3e9 | 8c20 a1ff | c5f8 7748 | 8945 f84c | 8be4 4883 | ec20 4883 

  0x0000021107b1ee84: ;   {runtime_call}
  0x0000021107b1ee84: e4f0 48b8 | 3022 1ceb | f87f 0000 | ffd0 498b | e44d 33e4 | 488b 45f8 | e9fe fdff | fff4 f4f4 
  0x0000021107b1eea4: f4f4 f4f4 
[/MachCode]


Compiled method (c1) 181924 1149       3       java.lang.ClassLoader::defineClass (43 bytes)
 total in heap  [0x00000211001f0210,0x00000211001f0b68] = 2392
 relocation     [0x00000211001f0370,0x00000211001f0410] = 160
 main code      [0x00000211001f0420,0x00000211001f08c0] = 1184
 stub code      [0x00000211001f08c0,0x00000211001f0938] = 120
 metadata       [0x00000211001f0938,0x00000211001f0968] = 48
 scopes data    [0x00000211001f0968,0x00000211001f0a58] = 240
 scopes pcs     [0x00000211001f0a58,0x00000211001f0b38] = 224
 dependencies   [0x00000211001f0b38,0x00000211001f0b40] = 8
 nul chk table  [0x00000211001f0b40,0x00000211001f0b68] = 40

[Constant Pool (empty)]

[MachCode]
[Entry Point]
  # {method} {0x0000021116434fb8} 'defineClass' '(Ljava/lang/String;[BIILjava/security/ProtectionDomain;)Ljava/lang/Class;' in 'java/lang/ClassLoader'
  # this:     rdx:rdx   = 'java/lang/ClassLoader'
  # parm0:    r8:r8     = 'java/lang/String'
  # parm1:    r9:r9     = '[B'
  # parm2:    rdi       = int
  # parm3:    rsi       = int
  # parm4:    rcx:rcx   = 'java/security/ProtectionDomain'
  #           [sp+0xc0]  (sp of caller)
  0x00000211001f0420: 448b 5208 | 49bb 0000 | 0016 1102 | 0000 4d03 | d34c 3bd0 

  0x00000211001f0434: ;   {runtime_call ic_miss_stub}
  0x00000211001f0434: 0f85 46e3 | 3807 660f | 1f44 0000 
[Verified Entry Point]
  0x00000211001f0440: 8984 2400 | 80ff ff55 | 4881 ecb0 | 0000 0090 | 4181 7f20 | 0100 0000 

  0x00000211001f0458: ;   {runtime_call StubRoutines (final stubs)}
  0x00000211001f0458: 7405 e881 | 6037 0748 | 8954 2478 

  0x00000211001f0464: ;   {metadata(method data for {method} {0x0000021116434fb8} 'defineClass' '(Ljava/lang/String;[BIILjava/security/ProtectionDomain;)Ljava/lang/Class;' in 'java/lang/ClassLoader')}
  0x00000211001f0464: 48bb 3099 | 1857 1102 | 0000 8b83 | cc00 0000 | 83c0 0289 | 83cc 0000 | 0025 fe07 | 0000 85c0 
  0x00000211001f0484: 0f84 5803 | 0000 89b4 | 2494 0000 | 0089 bc24 | 9000 0000 | 4c89 8c24 | 8800 0000 

  0x00000211001f04a0: ;   {metadata(method data for {method} {0x0000021116434fb8} 'defineClass' '(Ljava/lang/String;[BIILjava/security/ProtectionDomain;)Ljava/lang/Class;' in 'java/lang/ClassLoader')}
  0x00000211001f04a0: 488b da48 | b830 9918 | 5711 0200 | 0048 8380 | 1001 0000 | 0149 8bd8 | 4c8b c34c | 8bc9 488b 
  0x00000211001f04c0: ca48 8bd1 | 4889 9c24 | 8000 0000 

  0x00000211001f04cc: ;   {optimized virtual_call}
  0x00000211001f04cc: 6666 90e8 

  0x00000211001f04d0: ; ImmutableOopMap {[120]=Oop [128]=Oop [136]=Oop }
                      ;*invokevirtual preDefineClass {reexecute=0 rethrow=0 return_oop=0}
                      ; - java.lang.ClassLoader::defineClass@4
  0x00000211001f04d0: 4cbb fdff 

  0x00000211001f04d4: ;   {other}
  0x00000211001f04d4: 0f1f 8400 | c402 0000 | 4889 8424 | 9800 0000 | 488b 5424 

  0x00000211001f04e8: ;   {metadata(method data for {method} {0x0000021116434fb8} 'defineClass' '(Ljava/lang/String;[BIILjava/security/ProtectionDomain;)Ljava/lang/Class;' in 'java/lang/ClassLoader')}
  0x00000211001f04e8: 7849 b830 | 9918 5711 | 0200 0049 | 8380 4801 

  0x00000211001f04f8: ;   {metadata(method data for {method} {0x0000021116434ca0} 'defineClassSourceLocation' '(Ljava/security/ProtectionDomain;)Ljava/lang/String;' in 'java/lang/ClassLoader')}
  0x00000211001f04f8: 0000 0149 | b870 7719 | 5711 0200 | 0041 8b90 | cc00 0000 | 83c2 0241 | 8990 cc00 | 0000 81e2 
  0x00000211001f0518: feff 1f00 | 85d2 0f84 | df02 0000 

  0x00000211001f0524: ; implicit exception: dispatches to 0x00000211001f0824
  0x00000211001f0524: 483b 004c 

  0x00000211001f0528: ;   {metadata(method data for {method} {0x0000021116434ca0} 'defineClassSourceLocation' '(Ljava/security/ProtectionDomain;)Ljava/lang/String;' in 'java/lang/ClassLoader')}
  0x00000211001f0528: 8bc0 48ba | 7077 1957 | 1102 0000 | 4883 8210 | 0100 0001 | 448b 4010 | 49c1 e003 

  0x00000211001f0544: ;   {metadata(method data for {method} {0x0000021116434ca0} 'defineClassSourceLocation' '(Ljava/security/ProtectionDomain;)Ljava/lang/String;' in 'java/lang/ClassLoader')}
  0x00000211001f0544: 4d85 c048 | ba70 7719 | 5711 0200 | 0048 c7c6 | 5801 0000 | 7507 48c7 | c648 0100 | 0048 8b3c 
  0x00000211001f0564: 3248 8d7f | 0148 893c | 320f 850f 

  0x00000211001f0570: ;   {oop(nullptr)}
  0x00000211001f0570: 0000 0048 | bb00 0000 | 0000 0000 | 00e9 a501 | 0000 493b | 0049 8bd0 

  0x00000211001f0588: ;   {metadata(method data for {method} {0x0000021116434ca0} 'defineClassSourceLocation' '(Ljava/security/ProtectionDomain;)Ljava/lang/String;' in 'java/lang/ClassLoader')}
  0x00000211001f0588: 48be 7077 | 1957 1102 | 0000 4883 | 8668 0100 | 0001 418b | 500c 48c1 | e203 4885 

  0x00000211001f05a4: ;   {metadata(method data for {method} {0x0000021116434ca0} 'defineClassSourceLocation' '(Ljava/security/ProtectionDomain;)Ljava/lang/String;' in 'java/lang/ClassLoader')}
  0x00000211001f05a4: d248 be70 | 7719 5711 | 0200 0048 | c7c7 b001 | 0000 7507 | 48c7 c7a0 | 0100 0048 | 8b1c 3e48 
  0x00000211001f05c4: 8d5b 0148 | 891c 3e0f | 850f 0000 

  0x00000211001f05d0: ;   {oop(nullptr)}
  0x00000211001f05d0: 0048 bb00 | 0000 0000 | 0000 00e9 | 4701 0000 

  0x00000211001f05e0: ;   {metadata(method data for {method} {0x0000021116434ca0} 'defineClassSourceLocation' '(Ljava/security/ProtectionDomain;)Ljava/lang/String;' in 'java/lang/ClassLoader')}
  0x00000211001f05e0: 48be 7077 | 1957 1102 | 0000 4883 | 86c0 0100 | 0001 483b | 024c 8bc2 

  0x00000211001f05f8: ;   {metadata(method data for {method} {0x0000021116434ca0} 'defineClassSourceLocation' '(Ljava/security/ProtectionDomain;)Ljava/lang/String;' in 'java/lang/ClassLoader')}
  0x00000211001f05f8: 48be 7077 | 1957 1102 | 0000 4883 | 86f8 0100 

  0x00000211001f0608: ;   {metadata(method data for {method} {0x000002111601abf0} 'toString' '()Ljava/lang/String;' in 'java/net/URL')}
  0x00000211001f0608: 0001 49b8 | f8a7 0e57 | 1102 0000 | 418b b0cc | 0000 0083 | c602 4189 | b0cc 0000 | 0081 e6fe 
  0x00000211001f0628: ff1f 0085 | f60f 8400 | 0200 004c 

  0x00000211001f0634: ;   {metadata(method data for {method} {0x000002111601abf0} 'toString' '()Ljava/lang/String;' in 'java/net/URL')}
  0x00000211001f0634: 8bc2 48be | f8a7 0e57 | 1102 0000 | 4883 8610 | 0100 0001 

  0x00000211001f0648: ;   {metadata(method data for {method} {0x0000021116428840} 'toExternalForm' '()Ljava/lang/String;' in 'java/net/URL')}
  0x00000211001f0648: 49b8 80a9 | 0e57 1102 | 0000 418b | b0cc 0000 | 0083 c602 | 4189 b0cc | 0000 0081 | e6fe ff1f 
  0x00000211001f0668: 0085 f60f | 84e3 0100 | 008b 7238 | 48c1 e603 

  0x00000211001f0678: ; implicit exception: dispatches to 0x00000211001f0875
  0x00000211001f0678: 483b 064c 

  0x00000211001f067c: ;   {metadata(method data for {method} {0x0000021116428840} 'toExternalForm' '()Ljava/lang/String;' in 'java/net/URL')}
  0x00000211001f067c: 8bc6 48bf | 80a9 0e57 | 1102 0000 | 458b 4008 | 49ba 0000 | 0016 1102 | 0000 4d03 | c24c 3b87 
  0x00000211001f069c: 2001 0000 | 750d 4883 | 8728 0100 | 0001 e960 | 0000 004c | 3b87 3001 | 0000 750d | 4883 8738 
  0x00000211001f06bc: 0100 0001 | e94a 0000 | 0048 83bf | 2001 0000 | 0075 174c | 8987 2001 | 0000 48c7 | 8728 0100 
  0x00000211001f06dc: 0001 0000 | 00e9 2900 | 0000 4883 | bf30 0100 | 0000 7517 | 4c89 8730 | 0100 0048 | c787 3801 
  0x00000211001f06fc: 0000 0100 | 0000 e908 | 0000 0048 | 8387 1001 | 0000 014c | 8bc2 488b 

  0x00000211001f0714: ;   {optimized virtual_call}
  0x00000211001f0714: d666 90e8 

  0x00000211001f0718: ; ImmutableOopMap {[120]=Oop [128]=Oop [136]=Oop [152]=Oop }
                      ;*invokevirtual toExternalForm {reexecute=0 rethrow=0 return_oop=0}
                      ; - java.net.URL::toExternalForm@5
                      ; - java.net.URL::toString@1
                      ; - java.lang.ClassLoader::defineClassSourceLocation@22
                      ; - java.lang.ClassLoader::defineClass@12
  0x00000211001f0718: 048e f6ff 

  0x00000211001f071c: ;   {other}
  0x00000211001f071c: 0f1f 8400 | 0c05 0001 | 488b d848 | 8b84 2498 | 0000 008b | b424 9400 | 0000 8bbc | 2490 0000 
  0x00000211001f073c: 004c 8b8c | 2488 0000 | 004c 8b84 | 2480 0000 | 0048 8b54 

  0x00000211001f0750: ;   {metadata(method data for {method} {0x0000021116434fb8} 'defineClass' '(Ljava/lang/String;[BIILjava/security/ProtectionDomain;)Ljava/lang/Class;' in 'java/lang/ClassLoader')}
  0x00000211001f0750: 2478 48b9 | 3099 1857 | 1102 0000 | 4883 8180 | 0100 0001 | 4c8b da49 | 8bd3 488b | c848 891c 
  0x00000211001f0770: 2466 0f1f 

  0x00000211001f0774: ;   {static_call}
  0x00000211001f0774: 4400 00e8 

  0x00000211001f0778: ; ImmutableOopMap {[120]=Oop [152]=Oop }
                      ;*invokestatic defineClass1 {reexecute=0 rethrow=0 return_oop=0}
                      ; - java.lang.ClassLoader::defineClass@27
  0x00000211001f0778: 64e3 9207 

  0x00000211001f077c: ;   {other}
  0x00000211001f077c: 0f1f 8400 | 6c05 0002 | 488b 5424 

  0x00000211001f0788: ;   {metadata(method data for {method} {0x0000021116434fb8} 'defineClass' '(Ljava/lang/String;[BIILjava/security/ProtectionDomain;)Ljava/lang/Class;' in 'java/lang/ClassLoader')}
  0x00000211001f0788: 7849 b830 | 9918 5711 | 0200 0049 | 8380 9001 | 0000 014c | 8bc0 4c8b | 8c24 9800 | 0000 488b 
  0x00000211001f07a8: 5424 7848 | 8984 24a0 | 0000 000f 

  0x00000211001f07b4: ;   {optimized virtual_call}
  0x00000211001f07b4: 1f40 00e8 

  0x00000211001f07b8: ; ImmutableOopMap {[160]=Oop }
                      ;*invokevirtual postDefineClass {reexecute=0 rethrow=0 return_oop=0}
                      ; - java.lang.ClassLoader::defineClass@37
  0x00000211001f07b8: 64db f7ff 

  0x00000211001f07bc: ;   {other}
  0x00000211001f07bc: 0f1f 8400 | ac05 0003 | 488b 8424 | a000 0000 | 4881 c4b0 | 0000 005d 

  0x00000211001f07d4: ;   {poll_return}
  0x00000211001f07d4: 493b a750 | 0400 000f | 8799 0000 

  0x00000211001f07e0: ;   {metadata({method} {0x0000021116434fb8} 'defineClass' '(Ljava/lang/String;[BIILjava/security/ProtectionDomain;)Ljava/lang/Class;' in 'java/lang/ClassLoader')}
  0x00000211001f07e0: 00c3 49ba | b04f 4316 | 1102 0000 | 4c89 5424 | 0848 c704 | 24ff ffff 

  0x00000211001f07f8: ;   {runtime_call counter_overflow Runtime1 stub}
  0x00000211001f07f8: ffe8 023f 

  0x00000211001f07fc: ; ImmutableOopMap {rdx=Oop r8=Oop r9=Oop rcx=Oop [120]=Oop }
                      ;*synchronization entry
                      ; - java.lang.ClassLoader::defineClass@-1
  0x00000211001f07fc: 4507 e987 

  0x00000211001f0800: ;   {metadata({method} {0x0000021116434ca0} 'defineClassSourceLocation' '(Ljava/security/ProtectionDomain;)Ljava/lang/String;' in 'java/lang/ClassLoader')}
  0x00000211001f0800: fcff ff49 | ba98 4c43 | 1611 0200 | 004c 8954 | 2408 48c7 | 0424 ffff 

  0x00000211001f0818: ;   {runtime_call counter_overflow Runtime1 stub}
  0x00000211001f0818: ffff e8e1 

  0x00000211001f081c: ; ImmutableOopMap {rax=Oop [120]=Oop [128]=Oop [136]=Oop [152]=Oop }
                      ;*synchronization entry
                      ; - java.lang.ClassLoader::defineClassSourceLocation@-1
                      ; - java.lang.ClassLoader::defineClass@12
  0x00000211001f081c: 3e45 07e9 | 00fd ffff 

  0x00000211001f0824: ;   {runtime_call throw_null_pointer_exception Runtime1 stub}
  0x00000211001f0824: e8d7 ed44 

  0x00000211001f0828: ; ImmutableOopMap {rax=Oop [120]=Oop [128]=Oop [136]=Oop [152]=Oop }
                      ;*invokevirtual getCodeSource {reexecute=0 rethrow=0 return_oop=0}
                      ; - java.lang.ClassLoader::defineClassSourceLocation@1
                      ; - java.lang.ClassLoader::defineClass@12
                      ;   {runtime_call throw_null_pointer_exception Runtime1 stub}
  0x00000211001f0828: 07e8 d2ed 

  0x00000211001f082c: ; ImmutableOopMap {rax=Oop r8=Oop [120]=Oop [128]=Oop [136]=Oop [152]=Oop }
                      ;*invokevirtual getLocation {reexecute=0 rethrow=0 return_oop=0}
                      ; - java.lang.ClassLoader::defineClassSourceLocation@12
                      ; - java.lang.ClassLoader::defineClass@12
                      ;   {runtime_call throw_null_pointer_exception Runtime1 stub}
  0x00000211001f082c: 4407 e8cd 

  0x00000211001f0830: ; ImmutableOopMap {rdx=Oop [120]=Oop [128]=Oop [136]=Oop [152]=Oop }
                      ;*invokevirtual toString {reexecute=0 rethrow=0 return_oop=0}
                      ; - java.lang.ClassLoader::defineClassSourceLocation@22
                      ; - java.lang.ClassLoader::defineClass@12
                      ;   {metadata({method} {0x000002111601abf0} 'toString' '()Ljava/lang/String;' in 'java/net/URL')}
  0x00000211001f0830: ed44 0749 | bae8 ab01 | 1611 0200 | 004c 8954 | 2408 48c7 | 0424 ffff 

  0x00000211001f0848: ;   {runtime_call counter_overflow Runtime1 stub}
  0x00000211001f0848: ffff e8b1 

  0x00000211001f084c: ; ImmutableOopMap {rdx=Oop [120]=Oop [128]=Oop [136]=Oop [152]=Oop }
                      ;*synchronization entry
                      ; - java.net.URL::toString@-1
                      ; - java.lang.ClassLoader::defineClassSourceLocation@22
                      ; - java.lang.ClassLoader::defineClass@12
  0x00000211001f084c: 3e45 07e9 | dffd ffff 

  0x00000211001f0854: ;   {metadata({method} {0x0000021116428840} 'toExternalForm' '()Ljava/lang/String;' in 'java/net/URL')}
  0x00000211001f0854: 49ba 3888 | 4216 1102 | 0000 4c89 | 5424 0848 | c704 24ff 

  0x00000211001f0868: ;   {runtime_call counter_overflow Runtime1 stub}
  0x00000211001f0868: ffff ffe8 

  0x00000211001f086c: ; ImmutableOopMap {rdx=Oop [120]=Oop [128]=Oop [136]=Oop [152]=Oop }
                      ;*synchronization entry
                      ; - java.net.URL::toExternalForm@-1
                      ; - java.net.URL::toString@1
                      ; - java.lang.ClassLoader::defineClassSourceLocation@22
                      ; - java.lang.ClassLoader::defineClass@12
  0x00000211001f086c: 903e 4507 | e9fc fdff 

  0x00000211001f0874: ;   {runtime_call throw_null_pointer_exception Runtime1 stub}
  0x00000211001f0874: ffe8 86ed 

  0x00000211001f0878: ; ImmutableOopMap {rdx=Oop rsi=Oop [120]=Oop [128]=Oop [136]=Oop [152]=Oop }
                      ;*invokevirtual toExternalForm {reexecute=0 rethrow=0 return_oop=0}
                      ; - java.net.URL::toExternalForm@5
                      ; - java.net.URL::toString@1
                      ; - java.lang.ClassLoader::defineClassSourceLocation@22
                      ; - java.lang.ClassLoader::defineClass@12
                      ;   {internal_word}
  0x00000211001f0878: 4407 49ba | d407 1f00 | 1102 0000 | 4d89 9768 

  0x00000211001f0888: ;   {runtime_call SafepointBlob}
  0x00000211001f0888: 0400 00e9 | f04b 3907 | 498b 8700 | 0500 0049 | c787 0005 | 0000 0000 | 0000 49c7 | 8708 0500 
  0x00000211001f08a8: 0000 0000 | 0048 81c4 | b000 0000 

  0x00000211001f08b4: ;   {runtime_call unwind_exception Runtime1 stub}
  0x00000211001f08b4: 5de9 46de | 4407 f4f4 | f4f4 f4f4 
[Stub Code]
  0x00000211001f08c0: ;   {no_reloc}
  0x00000211001f08c0: 0f1f 4400 

  0x00000211001f08c4: ;   {static_stub}
  0x00000211001f08c4: 0048 bb00 | 0000 0000 

  0x00000211001f08cc: ;   {runtime_call nmethod}
  0x00000211001f08cc: 0000 00e9 | fbff ffff 

  0x00000211001f08d4: ;   {static_stub}
  0x00000211001f08d4: 48bb 0000 | 0000 0000 

  0x00000211001f08dc: ;   {runtime_call nmethod}
  0x00000211001f08dc: 0000 e9fb 

  0x00000211001f08e0: ;   {static_stub}
  0x00000211001f08e0: ffff ff48 | bb00 0000 | 0000 0000 

  0x00000211001f08ec: ;   {runtime_call nmethod}
  0x00000211001f08ec: 00e9 fbff 

  0x00000211001f08f0: ;   {static_stub}
  0x00000211001f08f0: ffff 48bb | 0000 0000 | 0000 0000 

  0x00000211001f08fc: ;   {runtime_call nmethod}
  0x00000211001f08fc: e9fb ffff 

  0x00000211001f0900: ;   {runtime_call handle_exception_from_callee Runtime1 stub}
  0x00000211001f0900: ffe8 fa0a 

  0x00000211001f0904: ;   {external_word}
  0x00000211001f0904: 4507 48b9 | 5063 48eb | f87f 0000 | 4883 e4f0 

  0x00000211001f0914: ;   {runtime_call}
  0x00000211001f0914: 48b8 c0c9 | 0aeb f87f | 0000 ffd0 

  0x00000211001f0920: ;   {section_word}
  0x00000211001f0920: f449 ba21 | 091f 0011 | 0200 0041 

  0x00000211001f092c: ;   {runtime_call DeoptimizationBlob}
  0x00000211001f092c: 52e9 ee3d | 3907 f4f4 | f4f4 f4f4 
[/MachCode]


Compiled method (c1) 181988 1024       3       java.security.SecureClassLoader::defineClass (16 bytes)
 total in heap  [0x00000211001c1510,0x00000211001c1910] = 1024
 relocation     [0x00000211001c1670,0x00000211001c16c0] = 80
 main code      [0x00000211001c16c0,0x00000211001c1818] = 344
 stub code      [0x00000211001c1818,0x00000211001c1868] = 80
 metadata       [0x00000211001c1868,0x00000211001c1870] = 8
 scopes data    [0x00000211001c1870,0x00000211001c18b8] = 72
 scopes pcs     [0x00000211001c18b8,0x00000211001c1908] = 80
 dependencies   [0x00000211001c1908,0x00000211001c1910] = 8

[Constant Pool (empty)]

[MachCode]
[Entry Point]
  # {method} {0x000002111604e0e8} 'defineClass' '(Ljava/lang/String;[BIILjava/security/CodeSource;)Ljava/lang/Class;' in 'java/security/SecureClassLoader'
  # this:     rdx:rdx   = 'java/security/SecureClassLoader'
  # parm0:    r8:r8     = 'java/lang/String'
  # parm1:    r9:r9     = '[B'
  # parm2:    rdi       = int
  # parm3:    rsi       = int
  # parm4:    rcx:rcx   = 'java/security/CodeSource'
  #           [sp+0x80]  (sp of caller)
  0x00000211001c16c0: 448b 5208 | 49bb 0000 | 0016 1102 | 0000 4d03 | d34c 3bd0 

  0x00000211001c16d4: ;   {runtime_call ic_miss_stub}
  0x00000211001c16d4: 0f85 a6d0 | 3b07 660f | 1f44 0000 
[Verified Entry Point]
  0x00000211001c16e0: 8984 2400 | 80ff ff55 | 4883 ec70 | 4181 7f20 | 0100 0000 

  0x00000211001c16f4: ;   {runtime_call StubRoutines (final stubs)}
  0x00000211001c16f4: 7405 e8e5 

  0x00000211001c16f8: ;   {metadata(method data for {method} {0x000002111604e0e8} 'defineClass' '(Ljava/lang/String;[BIILjava/security/CodeSource;)Ljava/lang/Class;' in 'java/security/SecureClassLoader')}
  0x00000211001c16f8: 4d3a 0748 | bb50 be16 | 5711 0200 | 008b 83cc | 0000 0083 | c002 8983 | cc00 0000 | 25fe 0700 
  0x00000211001c1718: 0085 c00f | 8496 0000 | 0089 7424 | 5c89 7c24 | 584c 894c | 2450 4c89 | 4424 4848 

  0x00000211001c1734: ;   {metadata(method data for {method} {0x000002111604e0e8} 'defineClass' '(Ljava/lang/String;[BIILjava/security/CodeSource;)Ljava/lang/Class;' in 'java/security/SecureClassLoader')}
  0x00000211001c1734: 8bda 48b8 | 50be 1657 | 1102 0000 | 4883 8010 | 0100 0001 | 4c8b c148 | 8bc2 488b | d048 8944 
  0x00000211001c1754: ;   {optimized virtual_call}
  0x00000211001c1754: 2440 90e8 

  0x00000211001c1758: ; ImmutableOopMap {[64]=Oop [72]=Oop [80]=Oop }
                      ;*invokevirtual getProtectionDomain {reexecute=0 rethrow=0 return_oop=0}
                      ; - java.security.SecureClassLoader::defineClass@9
  0x00000211001c1758: 44e2 0200 

  0x00000211001c175c: ;   {other}
  0x00000211001c175c: 0f1f 8400 | 4c02 0000 | 488b 5424 

  0x00000211001c1768: ;   {metadata(method data for {method} {0x000002111604e0e8} 'defineClass' '(Ljava/lang/String;[BIILjava/security/CodeSource;)Ljava/lang/Class;' in 'java/security/SecureClassLoader')}
  0x00000211001c1768: 4049 b850 | be16 5711 | 0200 0049 | 8380 4801 | 0000 014c | 8b44 2448 | 4c8b 4c24 | 508b 7c24 
  0x00000211001c1788: 588b 7424 | 5c48 8bc8 | 488b 5424 

  0x00000211001c1794: ;   {optimized virtual_call}
  0x00000211001c1794: 4066 90e8 

  0x00000211001c1798: ; ImmutableOopMap {}
                      ;*invokevirtual defineClass {reexecute=0 rethrow=0 return_oop=0}
                      ; - java.security.SecureClassLoader::defineClass@12
  0x00000211001c1798: a4ec 0200 

  0x00000211001c179c: ;   {other}
  0x00000211001c179c: 0f1f 8400 | 8c02 0001 | 4883 c470 

  0x00000211001c17a8: ;   {poll_return}
  0x00000211001c17a8: 5d49 3ba7 | 5004 0000 | 0f87 2200 

  0x00000211001c17b4: ;   {metadata({method} {0x000002111604e0e8} 'defineClass' '(Ljava/lang/String;[BIILjava/security/CodeSource;)Ljava/lang/Class;' in 'java/security/SecureClassLoader')}
  0x00000211001c17b4: 0000 c349 | bae0 e004 | 1611 0200 | 004c 8954 | 2408 48c7 | 0424 ffff 

  0x00000211001c17cc: ;   {runtime_call counter_overflow Runtime1 stub}
  0x00000211001c17cc: ffff e82d 

  0x00000211001c17d0: ; ImmutableOopMap {rdx=Oop r8=Oop r9=Oop rcx=Oop }
                      ;*synchronization entry
                      ; - java.security.SecureClassLoader::defineClass@-1
  0x00000211001c17d0: 2f48 07e9 | 49ff ffff 

  0x00000211001c17d8: ;   {internal_word}
  0x00000211001c17d8: 49ba a917 | 1c00 1102 | 0000 4d89 | 9768 0400 

  0x00000211001c17e8: ;   {runtime_call SafepointBlob}
  0x00000211001c17e8: 00e9 923c | 3c07 498b | 8700 0500 | 0049 c787 | 0005 0000 | 0000 0000 | 49c7 8708 | 0500 0000 
  0x00000211001c1808: 0000 0048 | 83c4 705d 

  0x00000211001c1810: ;   {runtime_call unwind_exception Runtime1 stub}
  0x00000211001c1810: e9eb ce47 | 07f4 f4f4 
[Stub Code]
  0x00000211001c1818: ;   {no_reloc}
  0x00000211001c1818: 48bb 30e0 | 0416 1102 

  0x00000211001c1820: ;   {runtime_call I2C/C2I adapters}
  0x00000211001c1820: 0000 e9c0 

  0x00000211001c1824: ;   {static_stub}
  0x00000211001c1824: 273c 0748 | bbb0 4f43 | 1611 0200 

  0x00000211001c1830: ;   {runtime_call I2C/C2I adapters}
  0x00000211001c1830: 00e9 bf0d 

  0x00000211001c1834: ;   {runtime_call handle_exception_from_callee Runtime1 stub}
  0x00000211001c1834: 3b07 e8c5 

  0x00000211001c1838: ;   {external_word}
  0x00000211001c1838: fb47 0748 | b950 6348 | ebf8 7f00 | 0048 83e4 

  0x00000211001c1848: ;   {runtime_call}
  0x00000211001c1848: f048 b8c0 | c90a ebf8 | 7f00 00ff 

  0x00000211001c1854: ;   {section_word}
  0x00000211001c1854: d0f4 49ba | 5618 1c00 | 1102 0000 

  0x00000211001c1860: ;   {runtime_call DeoptimizationBlob}
  0x00000211001c1860: 4152 e9b9 | 2e3c 07f4 
[/MachCode]


---------------  P R O C E S S  ---------------

Threads class SMR info:
_java_thread_list=0x000002115bf4e750, length=21, elements={
0x0000021178ff1750, 0x00000211153f8ec0, 0x00000211153fc4a0, 0x00000211153fdc20,
0x00000211153fe680, 0x00000211153ff0e0, 0x0000021115400860, 0x0000021115402310,
0x00000211153bd730, 0x0000021115674f90, 0x0000021115640ec0, 0x00000211159159e0,
0x0000021115fd92d0, 0x000002115bc20190, 0x000002115b9b5820, 0x000002115c47e680,
0x000002115b5560e0, 0x000002115b8fdc10, 0x000002115b8fe280, 0x000002115c16cf20,
0x000002115c16c890
}

Java Threads: ( => current thread )
  0x0000021178ff1750 JavaThread "main"                              [_thread_blocked, id=57920, stack(0x000000dd70200000,0x000000dd70300000) (1024K)]
  0x00000211153f8ec0 JavaThread "Reference Handler"          daemon [_thread_blocked, id=22904, stack(0x000000dd70a00000,0x000000dd70b00000) (1024K)]
  0x00000211153fc4a0 JavaThread "Finalizer"                  daemon [_thread_blocked, id=31120, stack(0x000000dd70b00000,0x000000dd70c00000) (1024K)]
  0x00000211153fdc20 JavaThread "Signal Dispatcher"          daemon [_thread_blocked, id=19604, stack(0x000000dd70c00000,0x000000dd70d00000) (1024K)]
  0x00000211153fe680 JavaThread "Attach Listener"            daemon [_thread_blocked, id=43940, stack(0x000000dd70d00000,0x000000dd70e00000) (1024K)]
  0x00000211153ff0e0 JavaThread "Service Thread"             daemon [_thread_blocked, id=44704, stack(0x000000dd70e00000,0x000000dd70f00000) (1024K)]
  0x0000021115400860 JavaThread "Monitor Deflation Thread"   daemon [_thread_blocked, id=42200, stack(0x000000dd70f00000,0x000000dd71000000) (1024K)]
  0x0000021115402310 JavaThread "C2 CompilerThread0"         daemon [_thread_blocked, id=40748, stack(0x000000dd71000000,0x000000dd71100000) (1024K)]
  0x00000211153bd730 JavaThread "C1 CompilerThread0"         daemon [_thread_blocked, id=17860, stack(0x000000dd71100000,0x000000dd71200000) (1024K)]
  0x0000021115674f90 JavaThread "Common-Cleaner"             daemon [_thread_blocked, id=60756, stack(0x000000dd71200000,0x000000dd71300000) (1024K)]
  0x0000021115640ec0 JavaThread "Notification Thread"        daemon [_thread_blocked, id=23120, stack(0x000000dd71300000,0x000000dd71400000) (1024K)]
  0x00000211159159e0 JavaThread "Daemon health stats"               [_thread_blocked, id=1704, stack(0x000000dd70000000,0x000000dd70100000) (1024K)]
  0x0000021115fd92d0 JavaThread "Incoming local TCP Connector on port 51134"        [_thread_in_native, id=47712, stack(0x000000dd70100000,0x000000dd70200000) (1024K)]
  0x000002115bc20190 JavaThread "Daemon periodic checks"            [_thread_blocked, id=41868, stack(0x000000dd71800000,0x000000dd71900000) (1024K)]
  0x000002115b9b5820 JavaThread "Daemon"                            [_thread_blocked, id=56804, stack(0x000000dd71a00000,0x000000dd71b00000) (1024K)]
  0x000002115c47e680 JavaThread "Handler for socket connection from /127.0.0.1:51134 to /127.0.0.1:57693"        [_thread_in_native, id=16684, stack(0x000000dd71b00000,0x000000dd71c00000) (1024K)]
  0x000002115b5560e0 JavaThread "Cancel handler"                    [_thread_blocked, id=39540, stack(0x000000dd71c00000,0x000000dd71d00000) (1024K)]
=>0x000002115b8fdc10 JavaThread "Daemon worker"                     [_thread_in_vm, id=57752, stack(0x000000dd71d00000,0x000000dd71e00000) (1024K)]
  0x000002115b8fe280 JavaThread "Asynchronous log dispatcher for DefaultDaemonConnection: socket connection from /127.0.0.1:51134 to /127.0.0.1:57693"        [_thread_blocked, id=31220, stack(0x000000dd71e00000,0x000000dd71f00000) (1024K)]
  0x000002115c16cf20 JavaThread "Stdin handler"                     [_thread_blocked, id=35756, stack(0x000000dd71f00000,0x000000dd72000000) (1024K)]
  0x000002115c16c890 JavaThread "Daemon client event forwarder"        [_thread_blocked, id=2436, stack(0x000000dd72000000,0x000000dd72100000) (1024K)]
Total: 21

Other Threads:
  0x000002111539c4b0 VMThread "VM Thread"                           [id=54708, stack(0x000000dd70900000,0x000000dd70a00000) (1024K)] _threads_hazard_ptr=0x000002115bf4e750
  0x0000021115389570 WatcherThread "VM Periodic Task Thread"        [id=57488, stack(0x000000dd70800000,0x000000dd70900000) (1024K)]
  0x000002117b338630 WorkerThread "GC Thread#0"                     [id=10476, stack(0x000000dd70300000,0x000000dd70400000) (1024K)]
  0x000002115b0967f0 WorkerThread "GC Thread#1"                     [id=58192, stack(0x000000dd71400000,0x000000dd71500000) (1024K)]
  0x000002115b096ba0 WorkerThread "GC Thread#2"                     [id=39256, stack(0x000000dd71500000,0x000000dd71600000) (1024K)]
  0x000002115b252180 WorkerThread "GC Thread#3"                     [id=56400, stack(0x000000dd71600000,0x000000dd71700000) (1024K)]
  0x000002115b252530 WorkerThread "GC Thread#4"                     [id=29904, stack(0x000000dd71700000,0x000000dd71800000) (1024K)]
  0x000002117b348ab0 ConcurrentGCThread "G1 Main Marker"            [id=52796, stack(0x000000dd70400000,0x000000dd70500000) (1024K)]
  0x000002117b3493d0 WorkerThread "G1 Conc#0"                       [id=52604, stack(0x000000dd70500000,0x000000dd70600000) (1024K)]
  0x000002111525a7c0 ConcurrentGCThread "G1 Refine#0"               [id=27024, stack(0x000000dd70600000,0x000000dd70700000) (1024K)]
  0x000002111525c000 ConcurrentGCThread "G1 Service"                [id=51816, stack(0x000000dd70700000,0x000000dd70800000) (1024K)]
Total: 11

Threads with active compile tasks:
Total: 0

VM state: synchronizing (normal execution)

VM Mutex/Monitor currently owned by a thread:  ([mutex/lock_event])
[0x00007ff8eb73d530] Metaspace_lock - owner thread: 0x000002115b8fdc10
[0x00007ff8eb73f5b0] Threads_lock - owner thread: 0x000002111539c4b0

Heap address: 0x0000000709800000, size: 3944 MB, Compressed Oops mode: Zero based, Oop shift amount: 3

CDS archive(s) mapped at: [0x0000021116000000-0x0000021116ba0000-0x0000021116ba0000), size 12189696, SharedBaseAddress: 0x0000021116000000, ArchiveRelocationMode: 1.
Compressed class space mapped at: 0x0000021117000000-0x0000021157000000, reserved size: 1073741824
Narrow klass base: 0x0000021116000000, Narrow klass shift: 0, Narrow klass range: 0x100000000

GC Precious Log:
 CardTable entry size: 512
 Card Set container configuration: InlinePtr #cards 4 size 8 Array Of Cards #cards 16 size 48 Howl #buckets 8 coarsen threshold 3686 Howl Bitmap #cards 512 size 80 coarsen threshold 460 Card regions per heap region 1 cards per card region 4096
 CPUs: 12 total, 12 available
 Memory: 15774M
 Large Page Support: Disabled
 NUMA Support: Disabled
 Compressed Oops: Enabled (Zero based)
 Heap Region Size: 2M
 Heap Min Capacity: 8M
 Heap Initial Capacity: 248M
 Heap Max Capacity: 3944M
 Pre-touch: Disabled
 Parallel Workers: 10
 Concurrent Workers: 3
 Concurrent Refinement Workers: 10
 Periodic GC: Disabled

Heap:
 garbage-first heap   total 253952K, used 80186K [0x0000000709800000, 0x0000000800000000)
  region size 2048K, 36 young (73728K), 1 survivors (2048K)
 Metaspace       used 12445K, committed 12736K, reserved 1114112K
  class space    used 1696K, committed 1856K, reserved 1048576K

Heap Regions: E=young(eden), S=young(survivor), O=old, HS=humongous(starts), HC=humongous(continues), CS=collection set, F=free, TAMS=top-at-mark-start, PB=parsable bottom
|   0|0x0000000709800000, 0x0000000709a00000, 0x0000000709a00000|100%|HS|  |TAMS 0x0000000709800000| PB 0x0000000709800000| Complete 
|   1|0x0000000709a00000, 0x0000000709c00000, 0x0000000709c00000|100%|HC|  |TAMS 0x0000000709a00000| PB 0x0000000709a00000| Complete 
|   2|0x0000000709c00000, 0x0000000709e00000, 0x0000000709e00000|100%| O|  |TAMS 0x0000000709c00000| PB 0x0000000709c00000| Untracked 
|   3|0x0000000709e00000, 0x000000070a000000, 0x000000070a000000|100%| O|  |TAMS 0x0000000709e00000| PB 0x0000000709e00000| Untracked 
|   4|0x000000070a000000, 0x000000070a200000, 0x000000070a200000|100%| O|  |TAMS 0x000000070a000000| PB 0x000000070a000000| Untracked 
|   5|0x000000070a200000, 0x000000070a2cc690, 0x000000070a400000| 39%| O|  |TAMS 0x000000070a200000| PB 0x000000070a200000| Untracked 
|   6|0x000000070a400000, 0x000000070a400000, 0x000000070a600000|  0%| F|  |TAMS 0x000000070a400000| PB 0x000000070a400000| Untracked 
|   7|0x000000070a600000, 0x000000070a600000, 0x000000070a800000|  0%| F|  |TAMS 0x000000070a600000| PB 0x000000070a600000| Untracked 
|   8|0x000000070a800000, 0x000000070a800000, 0x000000070aa00000|  0%| F|  |TAMS 0x000000070a800000| PB 0x000000070a800000| Untracked 
|   9|0x000000070aa00000, 0x000000070aa00000, 0x000000070ac00000|  0%| F|  |TAMS 0x000000070aa00000| PB 0x000000070aa00000| Untracked 
|  10|0x000000070ac00000, 0x000000070ac00000, 0x000000070ae00000|  0%| F|  |TAMS 0x000000070ac00000| PB 0x000000070ac00000| Untracked 
|  11|0x000000070ae00000, 0x000000070ae00000, 0x000000070b000000|  0%| F|  |TAMS 0x000000070ae00000| PB 0x000000070ae00000| Untracked 
|  12|0x000000070b000000, 0x000000070b000000, 0x000000070b200000|  0%| F|  |TAMS 0x000000070b000000| PB 0x000000070b000000| Untracked 
|  13|0x000000070b200000, 0x000000070b200000, 0x000000070b400000|  0%| F|  |TAMS 0x000000070b200000| PB 0x000000070b200000| Untracked 
|  14|0x000000070b400000, 0x000000070b400000, 0x000000070b600000|  0%| F|  |TAMS 0x000000070b400000| PB 0x000000070b400000| Untracked 
|  15|0x000000070b600000, 0x000000070b600000, 0x000000070b800000|  0%| F|  |TAMS 0x000000070b600000| PB 0x000000070b600000| Untracked 
|  16|0x000000070b800000, 0x000000070b800000, 0x000000070ba00000|  0%| F|  |TAMS 0x000000070b800000| PB 0x000000070b800000| Untracked 
|  17|0x000000070ba00000, 0x000000070ba00000, 0x000000070bc00000|  0%| F|  |TAMS 0x000000070ba00000| PB 0x000000070ba00000| Untracked 
|  18|0x000000070bc00000, 0x000000070bc00000, 0x000000070be00000|  0%| F|  |TAMS 0x000000070bc00000| PB 0x000000070bc00000| Untracked 
|  19|0x000000070be00000, 0x000000070be00000, 0x000000070c000000|  0%| F|  |TAMS 0x000000070be00000| PB 0x000000070be00000| Untracked 
|  20|0x000000070c000000, 0x000000070c000000, 0x000000070c200000|  0%| F|  |TAMS 0x000000070c000000| PB 0x000000070c000000| Untracked 
|  21|0x000000070c200000, 0x000000070c200000, 0x000000070c400000|  0%| F|  |TAMS 0x000000070c200000| PB 0x000000070c200000| Untracked 
|  22|0x000000070c400000, 0x000000070c400000, 0x000000070c600000|  0%| F|  |TAMS 0x000000070c400000| PB 0x000000070c400000| Untracked 
|  23|0x000000070c600000, 0x000000070c600000, 0x000000070c800000|  0%| F|  |TAMS 0x000000070c600000| PB 0x000000070c600000| Untracked 
|  24|0x000000070c800000, 0x000000070c800000, 0x000000070ca00000|  0%| F|  |TAMS 0x000000070c800000| PB 0x000000070c800000| Untracked 
|  25|0x000000070ca00000, 0x000000070ca00000, 0x000000070cc00000|  0%| F|  |TAMS 0x000000070ca00000| PB 0x000000070ca00000| Untracked 
|  26|0x000000070cc00000, 0x000000070cc00000, 0x000000070ce00000|  0%| F|  |TAMS 0x000000070cc00000| PB 0x000000070cc00000| Untracked 
|  27|0x000000070ce00000, 0x000000070ce00000, 0x000000070d000000|  0%| F|  |TAMS 0x000000070ce00000| PB 0x000000070ce00000| Untracked 
|  28|0x000000070d000000, 0x000000070d000000, 0x000000070d200000|  0%| F|  |TAMS 0x000000070d000000| PB 0x000000070d000000| Untracked 
|  29|0x000000070d200000, 0x000000070d200000, 0x000000070d400000|  0%| F|  |TAMS 0x000000070d200000| PB 0x000000070d200000| Untracked 
|  30|0x000000070d400000, 0x000000070d400000, 0x000000070d600000|  0%| F|  |TAMS 0x000000070d400000| PB 0x000000070d400000| Untracked 
|  31|0x000000070d600000, 0x000000070d600000, 0x000000070d800000|  0%| F|  |TAMS 0x000000070d600000| PB 0x000000070d600000| Untracked 
|  32|0x000000070d800000, 0x000000070d800000, 0x000000070da00000|  0%| F|  |TAMS 0x000000070d800000| PB 0x000000070d800000| Untracked 
|  33|0x000000070da00000, 0x000000070da00000, 0x000000070dc00000|  0%| F|  |TAMS 0x000000070da00000| PB 0x000000070da00000| Untracked 
|  34|0x000000070dc00000, 0x000000070dc00000, 0x000000070de00000|  0%| F|  |TAMS 0x000000070dc00000| PB 0x000000070dc00000| Untracked 
|  35|0x000000070de00000, 0x000000070de00000, 0x000000070e000000|  0%| F|  |TAMS 0x000000070de00000| PB 0x000000070de00000| Untracked 
|  36|0x000000070e000000, 0x000000070e000000, 0x000000070e200000|  0%| F|  |TAMS 0x000000070e000000| PB 0x000000070e000000| Untracked 
|  37|0x000000070e200000, 0x000000070e200000, 0x000000070e400000|  0%| F|  |TAMS 0x000000070e200000| PB 0x000000070e200000| Untracked 
|  38|0x000000070e400000, 0x000000070e400000, 0x000000070e600000|  0%| F|  |TAMS 0x000000070e400000| PB 0x000000070e400000| Untracked 
|  39|0x000000070e600000, 0x000000070e600000, 0x000000070e800000|  0%| F|  |TAMS 0x000000070e600000| PB 0x000000070e600000| Untracked 
|  40|0x000000070e800000, 0x000000070e800000, 0x000000070ea00000|  0%| F|  |TAMS 0x000000070e800000| PB 0x000000070e800000| Untracked 
|  41|0x000000070ea00000, 0x000000070ea00000, 0x000000070ec00000|  0%| F|  |TAMS 0x000000070ea00000| PB 0x000000070ea00000| Untracked 
|  42|0x000000070ec00000, 0x000000070ec00000, 0x000000070ee00000|  0%| F|  |TAMS 0x000000070ec00000| PB 0x000000070ec00000| Untracked 
|  43|0x000000070ee00000, 0x000000070ee00000, 0x000000070f000000|  0%| F|  |TAMS 0x000000070ee00000| PB 0x000000070ee00000| Untracked 
|  44|0x000000070f000000, 0x000000070f000000, 0x000000070f200000|  0%| F|  |TAMS 0x000000070f000000| PB 0x000000070f000000| Untracked 
|  45|0x000000070f200000, 0x000000070f200000, 0x000000070f400000|  0%| F|  |TAMS 0x000000070f200000| PB 0x000000070f200000| Untracked 
|  46|0x000000070f400000, 0x000000070f400000, 0x000000070f600000|  0%| F|  |TAMS 0x000000070f400000| PB 0x000000070f400000| Untracked 
|  47|0x000000070f600000, 0x000000070f600000, 0x000000070f800000|  0%| F|  |TAMS 0x000000070f600000| PB 0x000000070f600000| Untracked 
|  48|0x000000070f800000, 0x000000070f800000, 0x000000070fa00000|  0%| F|  |TAMS 0x000000070f800000| PB 0x000000070f800000| Untracked 
|  49|0x000000070fa00000, 0x000000070fa00000, 0x000000070fc00000|  0%| F|  |TAMS 0x000000070fa00000| PB 0x000000070fa00000| Untracked 
|  50|0x000000070fc00000, 0x000000070fc00000, 0x000000070fe00000|  0%| F|  |TAMS 0x000000070fc00000| PB 0x000000070fc00000| Untracked 
|  51|0x000000070fe00000, 0x000000070fe00000, 0x0000000710000000|  0%| F|  |TAMS 0x000000070fe00000| PB 0x000000070fe00000| Untracked 
|  52|0x0000000710000000, 0x0000000710000000, 0x0000000710200000|  0%| F|  |TAMS 0x0000000710000000| PB 0x0000000710000000| Untracked 
|  53|0x0000000710200000, 0x0000000710200000, 0x0000000710400000|  0%| F|  |TAMS 0x0000000710200000| PB 0x0000000710200000| Untracked 
|  54|0x0000000710400000, 0x0000000710400000, 0x0000000710600000|  0%| F|  |TAMS 0x0000000710400000| PB 0x0000000710400000| Untracked 
|  55|0x0000000710600000, 0x0000000710600000, 0x0000000710800000|  0%| F|  |TAMS 0x0000000710600000| PB 0x0000000710600000| Untracked 
|  56|0x0000000710800000, 0x0000000710800000, 0x0000000710a00000|  0%| F|  |TAMS 0x0000000710800000| PB 0x0000000710800000| Untracked 
|  57|0x0000000710a00000, 0x0000000710a00000, 0x0000000710c00000|  0%| F|  |TAMS 0x0000000710a00000| PB 0x0000000710a00000| Untracked 
|  58|0x0000000710c00000, 0x0000000710c00000, 0x0000000710e00000|  0%| F|  |TAMS 0x0000000710c00000| PB 0x0000000710c00000| Untracked 
|  59|0x0000000710e00000, 0x0000000710e00000, 0x0000000711000000|  0%| F|  |TAMS 0x0000000710e00000| PB 0x0000000710e00000| Untracked 
|  60|0x0000000711000000, 0x0000000711000000, 0x0000000711200000|  0%| F|  |TAMS 0x0000000711000000| PB 0x0000000711000000| Untracked 
|  61|0x0000000711200000, 0x0000000711200000, 0x0000000711400000|  0%| F|  |TAMS 0x0000000711200000| PB 0x0000000711200000| Untracked 
|  62|0x0000000711400000, 0x0000000711400000, 0x0000000711600000|  0%| F|  |TAMS 0x0000000711400000| PB 0x0000000711400000| Untracked 
|  63|0x0000000711600000, 0x0000000711600000, 0x0000000711800000|  0%| F|  |TAMS 0x0000000711600000| PB 0x0000000711600000| Untracked 
|  64|0x0000000711800000, 0x0000000711800000, 0x0000000711a00000|  0%| F|  |TAMS 0x0000000711800000| PB 0x0000000711800000| Untracked 
|  65|0x0000000711a00000, 0x0000000711a00000, 0x0000000711c00000|  0%| F|  |TAMS 0x0000000711a00000| PB 0x0000000711a00000| Untracked 
|  66|0x0000000711c00000, 0x0000000711c00000, 0x0000000711e00000|  0%| F|  |TAMS 0x0000000711c00000| PB 0x0000000711c00000| Untracked 
|  67|0x0000000711e00000, 0x0000000711e00000, 0x0000000712000000|  0%| F|  |TAMS 0x0000000711e00000| PB 0x0000000711e00000| Untracked 
|  68|0x0000000712000000, 0x0000000712000000, 0x0000000712200000|  0%| F|  |TAMS 0x0000000712000000| PB 0x0000000712000000| Untracked 
|  69|0x0000000712200000, 0x0000000712200000, 0x0000000712400000|  0%| F|  |TAMS 0x0000000712200000| PB 0x0000000712200000| Untracked 
|  70|0x0000000712400000, 0x0000000712400000, 0x0000000712600000|  0%| F|  |TAMS 0x0000000712400000| PB 0x0000000712400000| Untracked 
|  71|0x0000000712600000, 0x0000000712600000, 0x0000000712800000|  0%| F|  |TAMS 0x0000000712600000| PB 0x0000000712600000| Untracked 
|  72|0x0000000712800000, 0x0000000712800000, 0x0000000712a00000|  0%| F|  |TAMS 0x0000000712800000| PB 0x0000000712800000| Untracked 
|  73|0x0000000712a00000, 0x0000000712a00000, 0x0000000712c00000|  0%| F|  |TAMS 0x0000000712a00000| PB 0x0000000712a00000| Untracked 
|  74|0x0000000712c00000, 0x0000000712c00000, 0x0000000712e00000|  0%| F|  |TAMS 0x0000000712c00000| PB 0x0000000712c00000| Untracked 
|  75|0x0000000712e00000, 0x0000000712e00000, 0x0000000713000000|  0%| F|  |TAMS 0x0000000712e00000| PB 0x0000000712e00000| Untracked 
|  76|0x0000000713000000, 0x0000000713000000, 0x0000000713200000|  0%| F|  |TAMS 0x0000000713000000| PB 0x0000000713000000| Untracked 
|  77|0x0000000713200000, 0x0000000713200000, 0x0000000713400000|  0%| F|  |TAMS 0x0000000713200000| PB 0x0000000713200000| Untracked 
|  78|0x0000000713400000, 0x0000000713400000, 0x0000000713600000|  0%| F|  |TAMS 0x0000000713400000| PB 0x0000000713400000| Untracked 
|  79|0x0000000713600000, 0x0000000713600000, 0x0000000713800000|  0%| F|  |TAMS 0x0000000713600000| PB 0x0000000713600000| Untracked 
|  80|0x0000000713800000, 0x0000000713800000, 0x0000000713a00000|  0%| F|  |TAMS 0x0000000713800000| PB 0x0000000713800000| Untracked 
|  81|0x0000000713a00000, 0x0000000713a00000, 0x0000000713c00000|  0%| F|  |TAMS 0x0000000713a00000| PB 0x0000000713a00000| Untracked 
|  82|0x0000000713c00000, 0x0000000713c00000, 0x0000000713e00000|  0%| F|  |TAMS 0x0000000713c00000| PB 0x0000000713c00000| Untracked 
|  83|0x0000000713e00000, 0x0000000713e00000, 0x0000000714000000|  0%| F|  |TAMS 0x0000000713e00000| PB 0x0000000713e00000| Untracked 
|  84|0x0000000714000000, 0x0000000714000000, 0x0000000714200000|  0%| F|  |TAMS 0x0000000714000000| PB 0x0000000714000000| Untracked 
|  85|0x0000000714200000, 0x0000000714200000, 0x0000000714400000|  0%| F|  |TAMS 0x0000000714200000| PB 0x0000000714200000| Untracked 
|  86|0x0000000714400000, 0x0000000714400000, 0x0000000714600000|  0%| F|  |TAMS 0x0000000714400000| PB 0x0000000714400000| Untracked 
|  87|0x0000000714600000, 0x0000000714600000, 0x0000000714800000|  0%| F|  |TAMS 0x0000000714600000| PB 0x0000000714600000| Untracked 
|  88|0x0000000714800000, 0x00000007148e4f20, 0x0000000714a00000| 44%| E|  |TAMS 0x0000000714800000| PB 0x0000000714800000| Complete 
|  89|0x0000000714a00000, 0x0000000714c00000, 0x0000000714c00000|100%| E|CS|TAMS 0x0000000714a00000| PB 0x0000000714a00000| Complete 
|  90|0x0000000714c00000, 0x0000000714e00000, 0x0000000714e00000|100%| E|CS|TAMS 0x0000000714c00000| PB 0x0000000714c00000| Complete 
|  91|0x0000000714e00000, 0x0000000715000000, 0x0000000715000000|100%| E|CS|TAMS 0x0000000714e00000| PB 0x0000000714e00000| Complete 
|  92|0x0000000715000000, 0x0000000715200000, 0x0000000715200000|100%| E|CS|TAMS 0x0000000715000000| PB 0x0000000715000000| Complete 
|  93|0x0000000715200000, 0x0000000715400000, 0x0000000715400000|100%| E|CS|TAMS 0x0000000715200000| PB 0x0000000715200000| Complete 
|  94|0x0000000715400000, 0x0000000715600000, 0x0000000715600000|100%| E|CS|TAMS 0x0000000715400000| PB 0x0000000715400000| Complete 
|  95|0x0000000715600000, 0x0000000715800000, 0x0000000715800000|100%| E|CS|TAMS 0x0000000715600000| PB 0x0000000715600000| Complete 
|  96|0x0000000715800000, 0x0000000715a00000, 0x0000000715a00000|100%| E|CS|TAMS 0x0000000715800000| PB 0x0000000715800000| Complete 
|  97|0x0000000715a00000, 0x0000000715c00000, 0x0000000715c00000|100%| E|CS|TAMS 0x0000000715a00000| PB 0x0000000715a00000| Complete 
|  98|0x0000000715c00000, 0x0000000715e00000, 0x0000000715e00000|100%| E|CS|TAMS 0x0000000715c00000| PB 0x0000000715c00000| Complete 
|  99|0x0000000715e00000, 0x0000000716000000, 0x0000000716000000|100%| E|CS|TAMS 0x0000000715e00000| PB 0x0000000715e00000| Complete 
| 100|0x0000000716000000, 0x0000000716200000, 0x0000000716200000|100%| E|CS|TAMS 0x0000000716000000| PB 0x0000000716000000| Complete 
| 101|0x0000000716200000, 0x0000000716400000, 0x0000000716400000|100%| E|CS|TAMS 0x0000000716200000| PB 0x0000000716200000| Complete 
| 102|0x0000000716400000, 0x0000000716600000, 0x0000000716600000|100%| E|CS|TAMS 0x0000000716400000| PB 0x0000000716400000| Complete 
| 103|0x0000000716600000, 0x0000000716800000, 0x0000000716800000|100%| E|CS|TAMS 0x0000000716600000| PB 0x0000000716600000| Complete 
| 104|0x0000000716800000, 0x0000000716a00000, 0x0000000716a00000|100%| E|CS|TAMS 0x0000000716800000| PB 0x0000000716800000| Complete 
| 105|0x0000000716a00000, 0x0000000716c00000, 0x0000000716c00000|100%| E|CS|TAMS 0x0000000716a00000| PB 0x0000000716a00000| Complete 
| 106|0x0000000716c00000, 0x0000000716e00000, 0x0000000716e00000|100%| E|CS|TAMS 0x0000000716c00000| PB 0x0000000716c00000| Complete 
| 107|0x0000000716e00000, 0x0000000717000000, 0x0000000717000000|100%| E|CS|TAMS 0x0000000716e00000| PB 0x0000000716e00000| Complete 
| 108|0x0000000717000000, 0x0000000717200000, 0x0000000717200000|100%| E|CS|TAMS 0x0000000717000000| PB 0x0000000717000000| Complete 
| 109|0x0000000717200000, 0x0000000717382360, 0x0000000717400000| 75%| S|CS|TAMS 0x0000000717200000| PB 0x0000000717200000| Complete 
| 110|0x0000000717400000, 0x0000000717600000, 0x0000000717600000|100%| E|CS|TAMS 0x0000000717400000| PB 0x0000000717400000| Complete 
| 111|0x0000000717600000, 0x0000000717800000, 0x0000000717800000|100%| E|CS|TAMS 0x0000000717600000| PB 0x0000000717600000| Complete 
| 112|0x0000000717800000, 0x0000000717a00000, 0x0000000717a00000|100%| E|CS|TAMS 0x0000000717800000| PB 0x0000000717800000| Complete 
| 113|0x0000000717a00000, 0x0000000717c00000, 0x0000000717c00000|100%| E|CS|TAMS 0x0000000717a00000| PB 0x0000000717a00000| Complete 
| 114|0x0000000717c00000, 0x0000000717e00000, 0x0000000717e00000|100%| E|CS|TAMS 0x0000000717c00000| PB 0x0000000717c00000| Complete 
| 115|0x0000000717e00000, 0x0000000718000000, 0x0000000718000000|100%| E|CS|TAMS 0x0000000717e00000| PB 0x0000000717e00000| Complete 
| 116|0x0000000718000000, 0x0000000718200000, 0x0000000718200000|100%| E|CS|TAMS 0x0000000718000000| PB 0x0000000718000000| Complete 
| 117|0x0000000718200000, 0x0000000718400000, 0x0000000718400000|100%| E|CS|TAMS 0x0000000718200000| PB 0x0000000718200000| Complete 
| 118|0x0000000718400000, 0x0000000718600000, 0x0000000718600000|100%| E|CS|TAMS 0x0000000718400000| PB 0x0000000718400000| Complete 
| 119|0x0000000718600000, 0x0000000718800000, 0x0000000718800000|100%| E|CS|TAMS 0x0000000718600000| PB 0x0000000718600000| Complete 
| 120|0x0000000718800000, 0x0000000718a00000, 0x0000000718a00000|100%| E|  |TAMS 0x0000000718800000| PB 0x0000000718800000| Complete 
| 121|0x0000000718a00000, 0x0000000718c00000, 0x0000000718c00000|100%| E|CS|TAMS 0x0000000718a00000| PB 0x0000000718a00000| Complete 
| 122|0x0000000718c00000, 0x0000000718e00000, 0x0000000718e00000|100%| E|CS|TAMS 0x0000000718c00000| PB 0x0000000718c00000| Complete 
| 123|0x0000000718e00000, 0x0000000719000000, 0x0000000719000000|100%| E|CS|TAMS 0x0000000718e00000| PB 0x0000000718e00000| Complete 

Card table byte_map: [0x000002117f1d0000,0x000002117f990000] _byte_map_base: 0x000002117b984000

Marking Bits: (CMBitMap*) 0x000002117b338b50
 Bits: [0x000002110f000000, 0x0000021112da0000)

Polling page: 0x0000021179160000

Metaspace:

Usage:
  Non-class:     10.50 MB used.
      Class:      1.66 MB used.
       Both:     12.15 MB used.

Virtual space:
  Non-class space:       64.00 MB reserved,      10.62 MB ( 17%) committed,  1 nodes.
      Class space:        1.00 GB reserved,       1.81 MB ( <1%) committed,  1 nodes.
             Both:        1.06 GB reserved,      12.44 MB (  1%) committed. 

Chunk freelists:
   Non-Class:  5.11 MB
       Class:  14.20 MB
        Both:  19.31 MB

MaxMetaspaceSize: unlimited
CompressedClassSpaceSize: 1.00 GB
Initial GC threshold: 21.00 MB
Current GC threshold: 21.00 MB
CDS: on
 - commit_granule_bytes: 65536.
 - commit_granule_words: 8192.
 - virtual_space_node_default_size: 8388608.
 - enlarge_chunks_in_place: 1.
 - use_allocation_guard: 0.


Internal statistics:

num_allocs_failed_limit: 0.
num_arena_births: 356.
num_arena_deaths: 0.
num_vsnodes_births: 2.
num_vsnodes_deaths: 0.
num_space_committed: 199.
num_space_uncommitted: 0.
num_chunks_returned_to_freelist: 0.
num_chunks_taken_from_freelist: 742.
num_chunk_merges: 0.
num_chunk_splits: 477.
num_chunks_enlarged: 333.
num_inconsistent_stats: 0.

CodeHeap 'non-profiled nmethods': size=120000Kb used=1144Kb max_used=1144Kb free=118855Kb
 bounds [0x0000021107ad0000, 0x0000021107d40000, 0x000002110f000000]
CodeHeap 'profiled nmethods': size=120000Kb used=5293Kb max_used=5293Kb free=114706Kb
 bounds [0x0000021100000000, 0x0000021100530000, 0x0000021107530000]
CodeHeap 'non-nmethods': size=5760Kb used=1386Kb max_used=1400Kb free=4373Kb
 bounds [0x0000021107530000, 0x00000211077a0000, 0x0000021107ad0000]
CodeCache: size=245760Kb, used=7823Kb, max_used=7837Kb, free=237934Kb
 total_blobs=3231, nmethods=2684, adapters=451, full_count=0
Compilation: enabled, stopped_count=0, restarted_count=0

Compilation events (20 events):
Event: 175.535 Thread 0x00000211153bd730 2674       3       java.lang.invoke.MethodHandles$Lookup::getDirectMethodCommon (300 bytes)
Event: 175.537 Thread 0x00000211153bd730 nmethod 2674 0x0000021100528810 code [0x0000021100528b80, 0x0000021100529cb8]
Event: 175.537 Thread 0x00000211153bd730 2675       3       java.lang.invoke.MethodHandles$Lookup::checkMethod (87 bytes)
Event: 175.538 Thread 0x00000211153bd730 nmethod 2675 0x000002110052a290 code [0x000002110052a4a0, 0x000002110052aaf8]
Event: 175.546 Thread 0x00000211153bd730 2676       3       java.lang.reflect.Method::isVarArgs (5 bytes)
Event: 175.546 Thread 0x00000211153bd730 nmethod 2676 0x000002110052ad10 code [0x000002110052aec0, 0x000002110052b098]
Event: 175.546 Thread 0x00000211153bd730 2677       1       org.gradle.internal.collect.PersistentArray1::isEmpty (2 bytes)
Event: 175.546 Thread 0x00000211153bd730 nmethod 2677 0x0000021107bec290 code [0x0000021107bec420, 0x0000021107bec4e8]
Event: 175.546 Thread 0x00000211153bd730 2678       1       org.gradle.internal.collect.PersistentArray1::size (2 bytes)
Event: 175.546 Thread 0x00000211153bd730 nmethod 2678 0x0000021107bec990 code [0x0000021107becb20, 0x0000021107becbe8]
Event: 175.547 Thread 0x00000211153bd730 2680       1       org.gradle.internal.service.AbstractServiceMethod::getParameterTypes (5 bytes)
Event: 175.547 Thread 0x00000211153bd730 nmethod 2680 0x0000021107becc90 code [0x0000021107bece20, 0x0000021107becef0]
Event: 175.547 Thread 0x00000211153bd730 2681       1       org.gradle.internal.service.DefaultServiceRegistry::access$2400 (5 bytes)
Event: 175.547 Thread 0x00000211153bd730 nmethod 2681 0x0000021107becf90 code [0x0000021107bed120, 0x0000021107bed1d0]
Event: 175.552 Thread 0x0000021115402310 2682       4       java.util.Arrays::copyOf (40 bytes)
Event: 175.558 Thread 0x0000021115402310 nmethod 2682 0x0000021107bed290 code [0x0000021107bed440, 0x0000021107bed900]
Event: 175.804 Thread 0x0000021115402310 2683       4       jdk.internal.util.ArraysSupport::mismatch (103 bytes)
Event: 175.809 Thread 0x00000211153bd730 2684       3       java.lang.Math::min (12 bytes)
Event: 175.810 Thread 0x0000021115402310 nmethod 2683 0x0000021107bedb90 code [0x0000021107bedd20, 0x0000021107bedf78]
Event: 175.810 Thread 0x00000211153bd730 nmethod 2684 0x000002110052b190 code [0x000002110052b320, 0x000002110052b450]

GC Heap History (4 events):
Event: 53.663 GC heap before
{Heap before GC invocations=0 (full 0):
 garbage-first heap   total 253952K, used 24576K [0x0000000709800000, 0x0000000800000000)
  region size 2048K, 11 young (22528K), 0 survivors (0K)
 Metaspace       used 2255K, committed 2432K, reserved 1114112K
  class space    used 251K, committed 320K, reserved 1048576K
}
Event: 53.688 GC heap after
{Heap after GC invocations=1 (full 0):
 garbage-first heap   total 253952K, used 10912K [0x0000000709800000, 0x0000000800000000)
  region size 2048K, 2 young (4096K), 2 survivors (4096K)
 Metaspace       used 2255K, committed 2432K, reserved 1114112K
  class space    used 251K, committed 320K, reserved 1048576K
}
Event: 85.709 GC heap before
{Heap before GC invocations=1 (full 0):
 garbage-first heap   total 253952K, used 35488K [0x0000000709800000, 0x0000000800000000)
  region size 2048K, 14 young (28672K), 2 survivors (4096K)
 Metaspace       used 4646K, committed 4864K, reserved 1114112K
  class space    used 599K, committed 704K, reserved 1048576K
}
Event: 85.715 GC heap after
{Heap after GC invocations=2 (full 0):
 garbage-first heap   total 253952K, used 12602K [0x0000000709800000, 0x0000000800000000)
  region size 2048K, 1 young (2048K), 1 survivors (2048K)
 Metaspace       used 4646K, committed 4864K, reserved 1114112K
  class space    used 599K, committed 704K, reserved 1048576K
}

Dll operation events (20 events):
Event: 2.728 Attempting to load shared library C:\Users\Coding\.vscode\extensions\redhat.java-1.56.0-win32-x64\jre\21.0.12.1-win32-x86_64\bin\nio.dll
Event: 2.754 Loaded shared library C:\Users\Coding\.vscode\extensions\redhat.java-1.56.0-win32-x64\jre\21.0.12.1-win32-x86_64\bin\nio.dll
Event: 2.911 Attempting to load shared library C:\Users\Coding\.vscode\extensions\redhat.java-1.56.0-win32-x64\jre\21.0.12.1-win32-x86_64\bin\zip.dll
Event: 2.911 Loaded shared library C:\Users\Coding\.vscode\extensions\redhat.java-1.56.0-win32-x64\jre\21.0.12.1-win32-x86_64\bin\zip.dll
Event: 33.017 Attempting to load shared library C:\Users\Coding\.vscode\extensions\redhat.java-1.56.0-win32-x64\jre\21.0.12.1-win32-x86_64\bin\jimage.dll
Event: 33.017 Loaded shared library C:\Users\Coding\.vscode\extensions\redhat.java-1.56.0-win32-x64\jre\21.0.12.1-win32-x86_64\bin\jimage.dll
Event: 51.747 Attempting to load shared library C:\Users\Coding\.vscode\extensions\redhat.java-1.56.0-win32-x64\jre\21.0.12.1-win32-x86_64\bin\verify.dll
Event: 51.797 Loaded shared library C:\Users\Coding\.vscode\extensions\redhat.java-1.56.0-win32-x64\jre\21.0.12.1-win32-x86_64\bin\verify.dll
Event: 53.456 Attempting to load shared library C:\Users\Coding\.gradle\native\660c5614fbf4a5f2a75b1949f50a0caf5cd603558e7d8a26e50b933a0cfb79d1\windows-amd64\native-platform.dll
Event: 53.609 Loaded shared library C:\Users\Coding\.gradle\native\660c5614fbf4a5f2a75b1949f50a0caf5cd603558e7d8a26e50b933a0cfb79d1\windows-amd64\native-platform.dll
Event: 54.644 Attempting to load shared library C:\Users\Coding\.gradle\native\0.2.8\x86_64-windows-gnu\gradle-fileevents.dll
Event: 54.933 Loaded shared library C:\Users\Coding\.gradle\native\0.2.8\x86_64-windows-gnu\gradle-fileevents.dll
Event: 133.149 Attempting to load shared library C:\Users\Coding\.vscode\extensions\redhat.java-1.56.0-win32-x64\jre\21.0.12.1-win32-x86_64\bin\management.dll
Event: 133.242 Loaded shared library C:\Users\Coding\.vscode\extensions\redhat.java-1.56.0-win32-x64\jre\21.0.12.1-win32-x86_64\bin\management.dll
Event: 133.544 Attempting to load shared library C:\Users\Coding\.vscode\extensions\redhat.java-1.56.0-win32-x64\jre\21.0.12.1-win32-x86_64\bin\management_ext.dll
Event: 133.668 Loaded shared library C:\Users\Coding\.vscode\extensions\redhat.java-1.56.0-win32-x64\jre\21.0.12.1-win32-x86_64\bin\management_ext.dll
Event: 136.998 Attempting to load shared library C:\Users\Coding\.vscode\extensions\redhat.java-1.56.0-win32-x64\jre\21.0.12.1-win32-x86_64\bin\extnet.dll
Event: 137.114 Loaded shared library C:\Users\Coding\.vscode\extensions\redhat.java-1.56.0-win32-x64\jre\21.0.12.1-win32-x86_64\bin\extnet.dll
Event: 166.551 Attempting to load shared library C:\Users\Coding\.vscode\extensions\redhat.java-1.56.0-win32-x64\jre\21.0.12.1-win32-x86_64\bin\sunmscapi.dll
Event: 166.861 Loaded shared library C:\Users\Coding\.vscode\extensions\redhat.java-1.56.0-win32-x64\jre\21.0.12.1-win32-x86_64\bin\sunmscapi.dll

Deoptimization events (20 events):
Event: 170.923 Thread 0x000002115b9b5820 DEOPT PACKING pc=0x0000021107bac62c sp=0x000000dd71afe580
Event: 170.924 Thread 0x000002115b9b5820 DEOPT UNPACKING pc=0x0000021107584422 sp=0x000000dd71afe520 mode 2
Event: 173.995 Thread 0x000002115b9b5820 DEOPT PACKING pc=0x00000211004673b8 sp=0x000000dd71afdce0
Event: 173.995 Thread 0x000002115b9b5820 DEOPT UNPACKING pc=0x0000021107584bc2 sp=0x000000dd71afd238 mode 0
Event: 174.004 Thread 0x000002115b9b5820 DEOPT PACKING pc=0x00000211004673b8 sp=0x000000dd71afdd20
Event: 174.004 Thread 0x000002115b9b5820 DEOPT UNPACKING pc=0x0000021107584bc2 sp=0x000000dd71afd278 mode 0
Event: 174.007 Thread 0x000002115b9b5820 DEOPT PACKING pc=0x00000211004673b8 sp=0x000000dd71afdd20
Event: 174.007 Thread 0x000002115b9b5820 DEOPT UNPACKING pc=0x0000021107584bc2 sp=0x000000dd71afd278 mode 0
Event: 174.008 Thread 0x000002115b9b5820 DEOPT PACKING pc=0x00000211004673b8 sp=0x000000dd71afdd40
Event: 174.008 Thread 0x000002115b9b5820 DEOPT UNPACKING pc=0x0000021107584bc2 sp=0x000000dd71afd298 mode 0
Event: 174.008 Thread 0x000002115b9b5820 DEOPT PACKING pc=0x00000211004673b8 sp=0x000000dd71afdd40
Event: 174.008 Thread 0x000002115b9b5820 DEOPT UNPACKING pc=0x0000021107584bc2 sp=0x000000dd71afd298 mode 0
Event: 174.011 Thread 0x000002115b9b5820 DEOPT PACKING pc=0x00000211004673b8 sp=0x000000dd71afdd40
Event: 174.011 Thread 0x000002115b9b5820 DEOPT UNPACKING pc=0x0000021107584bc2 sp=0x000000dd71afd298 mode 0
Event: 174.012 Thread 0x000002115b9b5820 DEOPT PACKING pc=0x00000211004673b8 sp=0x000000dd71afdd40
Event: 174.012 Thread 0x000002115b9b5820 DEOPT UNPACKING pc=0x0000021107584bc2 sp=0x000000dd71afd298 mode 0
Event: 174.646 Thread 0x000002115b8fdc10 Uncommon trap: trap_request=0xffffff6e fr.pc=0x0000021107b79138 relative=0x00000000000003f8
Event: 174.646 Thread 0x000002115b8fdc10 Uncommon trap: reason=loop_limit_check action=maybe_recompile pc=0x0000021107b79138 method=java.lang.StringLatin1.indexOf([BI[BII)I @ 37 c2
Event: 174.646 Thread 0x000002115b8fdc10 DEOPT PACKING pc=0x0000021107b79138 sp=0x000000dd71dfef90
Event: 174.646 Thread 0x000002115b8fdc10 DEOPT UNPACKING pc=0x0000021107584422 sp=0x000000dd71dfef18 mode 2

Classes loaded (20 events):
Event: 174.687 Loading class java/util/concurrent/CountDownLatch$Sync
Event: 174.688 Loading class java/util/concurrent/CountDownLatch$Sync done
Event: 174.705 Loading class java/util/Collections$UnmodifiableMap$UnmodifiableEntrySet
Event: 174.706 Loading class java/util/Collections$UnmodifiableMap$UnmodifiableEntrySet done
Event: 174.706 Loading class java/util/Collections$UnmodifiableMap$UnmodifiableEntrySet$1
Event: 174.706 Loading class java/util/Collections$UnmodifiableMap$UnmodifiableEntrySet$1 done
Event: 174.706 Loading class java/util/Collections$UnmodifiableMap$UnmodifiableEntrySet$UnmodifiableEntry
Event: 174.707 Loading class java/util/Collections$UnmodifiableMap$UnmodifiableEntrySet$UnmodifiableEntry done
Event: 174.711 Loading class jdk/internal/event/ThreadSleepEvent
Event: 174.712 Loading class jdk/internal/event/ThreadSleepEvent done
Event: 174.726 Loading class java/lang/invoke/DirectMethodHandle$StaticAccessor
Event: 174.726 Loading class java/lang/invoke/DirectMethodHandle$StaticAccessor done
Event: 174.745 Loading class java/math/BigDecimal
Event: 174.748 Loading class java/math/BigDecimal done
Event: 174.813 Loading class java/lang/ThreadLocal$SuppliedThreadLocal
Event: 174.813 Loading class java/lang/ThreadLocal$SuppliedThreadLocal done
Event: 175.020 Loading class sun/reflect/generics/tree/VoidDescriptor
Event: 175.020 Loading class sun/reflect/generics/tree/VoidDescriptor done
Event: 175.265 Loading class java/util/HashMap$EntrySpliterator
Event: 175.266 Loading class java/util/HashMap$EntrySpliterator done

Classes unloaded (0 events):
No events

Classes redefined (0 events):
No events

Internal exceptions (20 events):
Event: 127.162 Thread 0x0000021178ff1750 Exception <a 'java/lang/NoSuchMethodError'{0x00000007175dddb0}: 'void java.lang.invoke.DirectMethodHandle$Holder.invokeSpecial(java.lang.Object, java.lang.Object, java.lang.Object, java.lang.Object, java.lang.Object)'> (0x00000007175dddb0) 
thrown [s\src\hotspot\share\interpreter\linkResolver.cpp, line 773]
Event: 131.134 Thread 0x0000021178ff1750 Exception <a 'java/lang/NoSuchMethodError'{0x0000000716800cc8}: 'int java.lang.invoke.DelegatingMethodHandle$Holder.reinvoke_L(java.lang.Object)'> (0x0000000716800cc8) 
thrown [s\src\hotspot\share\interpreter\linkResolver.cpp, line 773]
Event: 132.590 Thread 0x0000021178ff1750 Exception <a 'java/lang/NoSuchMethodError'{0x0000000716697778}: 'java.lang.Object java.lang.invoke.DirectMethodHandle$Holder.invokeVirtual(java.lang.Object, java.lang.Object, java.lang.Object, java.lang.Object, java.lang.Object)'> (0x0000000716697778) 
thrown [s\src\hotspot\share\interpreter\linkResolver.cpp, line 773]
Event: 132.606 Thread 0x0000021178ff1750 Exception <a 'java/lang/NoSuchMethodError'{0x00000007166ace88}: 'java.lang.Object java.lang.invoke.Invokers$Holder.invokeExact_MT(java.lang.Object, java.lang.Object, java.lang.Object, java.lang.Object, java.lang.Object, java.lang.Object)'> (0x00000007166ace88) 
thrown [s\src\hotspot\share\interpreter\linkResolver.cpp, line 773]
Event: 132.661 Thread 0x0000021178ff1750 Exception <a 'java/lang/NoSuchMethodError'{0x0000000716704370}: 'java.lang.Object java.lang.invoke.DirectMethodHandle$Holder.invokeVirtual(java.lang.Object, java.lang.Object, java.lang.Object, java.lang.Object, java.lang.Object, java.lang.Object)'> (0x0000000716704370) 
thrown [s\src\hotspot\share\interpreter\linkResolver.cpp, line 773]
Event: 133.976 Thread 0x0000021178ff1750 Exception <a 'java/lang/NoSuchMethodError'{0x00000007162025c8}: 'java.lang.Object java.lang.invoke.DelegatingMethodHandle$Holder.reinvoke_L(java.lang.Object, java.lang.Object, java.lang.Object, java.lang.Object, java.lang.Object, java.lang.Object, java.lang.Object, java.lang.Object, java.lang.Object, java.lang.Object, java.lang.Object, java.lang.Object, java.lang.Object, java.lang.Object)'> (0x00000007162025c8) 
thrown [s\src\hotspot\share\interpreter\linkResolver.cpp, line 773]
Event: 134.027 Thread 0x0000021178ff1750 Exception <a 'java/lang/NoSuchMethodError'{0x000000071624f228}: 'java.lang.Object java.lang.invoke.DirectMethodHandle$Holder.invokeStatic(java.lang.Object, java.lang.Object, java.lang.Object, java.lang.Object, java.lang.Object, java.lang.Object, java.lang.Object, java.lang.Object, java.lang.Object, java.lang.Object, java.lang.Object, java.lang.Object, java.lang.Object)'> (0x000000071624f228) 
thrown [s\src\hotspot\share\interpreter\linkResolver.cpp, line 773]
Event: 134.031 Thread 0x0000021178ff1750 Exception <a 'java/lang/NoSuchMethodError'{0x000000071626e830}: 'java.lang.Object java.lang.invoke.DirectMethodHandle$Holder.invokeStatic(java.lang.Object, java.lang.Object, java.lang.Object, java.lang.Object, java.lang.Object, java.lang.Object, java.lang.Object, java.lang.Object, java.lang.Object, java.lang.Object, java.lang.Object, java.lang.Object, java.lang.Object, java.lang.Object)'> (0x000000071626e830) 
thrown [s\src\hotspot\share\interpreter\linkResolver.cpp, line 773]
Event: 134.036 Thread 0x0000021178ff1750 Exception <a 'java/lang/NoSuchMethodError'{0x000000071628f058}: 'java.lang.Object java.lang.invoke.DirectMethodHandle$Holder.invokeStatic(java.lang.Object, java.lang.Object, java.lang.Object, java.lang.Object, java.lang.Object, java.lang.Object, java.lang.Object, java.lang.Object, java.lang.Object, java.lang.Object, java.lang.Object, java.lang.Object, java.lang.Object, java.lang.Object, java.lang.Object)'> (0x000000071628f058) 
thrown [s\src\hotspot\share\interpreter\linkResolver.cpp, line 773]
Event: 134.056 Thread 0x0000021178ff1750 Exception <a 'java/lang/NoSuchMethodError'{0x00000007162b1c28}: 'java.lang.Object java.lang.invoke.DirectMethodHandle$Holder.invokeStatic(java.lang.Object, java.lang.Object, java.lang.Object, java.lang.Object, java.lang.Object, java.lang.Object, java.lang.Object, java.lang.Object, java.lang.Object, java.lang.Object, java.lang.Object, java.lang.Object, java.lang.Object, java.lang.Object, java.lang.Object, java.lang.Object)'> (0x00000007162b1c28) 
thrown [s\src\hotspot\share\interpreter\linkResolver.cpp, lin
Event: 137.551 Thread 0x0000021178ff1750 Exception <a 'java/lang/NoSuchMethodError'{0x0000000715e9a3f0}: 'java.lang.Object java.lang.invoke.DirectMethodHandle$Holder.invokeVirtual(java.lang.Object, java.lang.Object, java.lang.Object, java.lang.Object, java.lang.Object, java.lang.Object, java.lang.Object, java.lang.Object, java.lang.Object)'> (0x0000000715e9a3f0) 
thrown [s\src\hotspot\share\interpreter\linkResolver.cpp, line 773]
Event: 137.975 Thread 0x0000021178ff1750 Exception <a 'java/lang/NoSuchMethodError'{0x0000000715c28738}: 'java.lang.Object java.lang.invoke.DirectMethodHandle$Holder.invokeStaticInit(java.lang.Object, int, int, int, int)'> (0x0000000715c28738) 
thrown [s\src\hotspot\share\interpreter\linkResolver.cpp, line 773]
Event: 139.324 Thread 0x0000021178ff1750 Exception <a 'java/lang/NoSuchMethodError'{0x0000000715cbbd80}: 'java.lang.Object java.lang.invoke.DirectMethodHandle$Holder.invokeStaticInit(java.lang.Object, java.lang.Object, int, int, int, int)'> (0x0000000715cbbd80) 
thrown [s\src\hotspot\share\interpreter\linkResolver.cpp, line 773]
Event: 140.547 Thread 0x0000021178ff1750 Exception <a 'java/io/IOException'{0x0000000715bd2a90}> (0x0000000715bd2a90) 
thrown [s\src\hotspot\share\prims\jni.cpp, line 520]
Event: 140.654 Thread 0x0000021178ff1750 Implicit null exception at 0x0000021107b16aa4 to 0x0000021107b17108
Event: 140.697 Thread 0x0000021178ff1750 Exception <a 'java/lang/NoSuchMethodError'{0x000000071584f890}: 'java.lang.Object java.lang.invoke.DirectMethodHandle$Holder.newInvokeSpecial(java.lang.Object, java.lang.Object, java.lang.Object, java.lang.Object, java.lang.Object)'> (0x000000071584f890) 
thrown [s\src\hotspot\share\interpreter\linkResolver.cpp, line 773]
Event: 140.720 Thread 0x0000021178ff1750 Exception <a 'java/lang/NoSuchMethodError'{0x00000007158722b0}: 'void java.lang.invoke.DirectMethodHandle$Holder.invokeSpecial(java.lang.Object, java.lang.Object, java.lang.Object)'> (0x00000007158722b0) 
thrown [s\src\hotspot\share\interpreter\linkResolver.cpp, line 773]
Event: 151.695 Thread 0x000002115bc20190 Implicit null exception at 0x0000021107b205a0 to 0x0000021107b20c00
Event: 175.404 Thread 0x000002115b8fdc10 Exception <a 'java/lang/NoSuchMethodError'{0x0000000714cb41d0}: 'java.lang.Object java.lang.invoke.DirectMethodHandle$Holder.invokeVirtual(java.lang.Object, java.lang.Object, java.lang.Object, java.lang.Object, java.lang.Object, java.lang.Object, java.lang.Object)'> (0x0000000714cb41d0) 
thrown [s\src\hotspot\share\interpreter\linkResolver.cpp, line 773]
Event: 175.519 Thread 0x000002115b8fdc10 Exception <a 'java/lang/NoSuchMethodError'{0x0000000714d4c528}: 'long java.lang.invoke.DirectMethodHandle$Holder.invokeInterface(java.lang.Object, java.lang.Object)'> (0x0000000714d4c528) 
thrown [s\src\hotspot\share\interpreter\linkResolver.cpp, line 773]

ZGC Phase Switch (0 events):
No events

VM Operations (20 events):
Event: 162.136 Executing safepoint VM operation: Cleanup
Event: 162.136 Executing safepoint VM operation: Cleanup done
Event: 166.173 Executing safepoint VM operation: Cleanup
Event: 166.173 Executing safepoint VM operation: Cleanup done
Event: 166.894 Executing non-safepoint VM operation: HandshakeAllThreads (Deoptimize)
Event: 166.894 Executing non-safepoint VM operation: HandshakeAllThreads (Deoptimize) done
Event: 167.897 Executing safepoint VM operation: Cleanup
Event: 167.897 Executing safepoint VM operation: Cleanup done
Event: 167.919 Executing non-safepoint VM operation: HandshakeAllThreads (Deoptimize)
Event: 167.919 Executing non-safepoint VM operation: HandshakeAllThreads (Deoptimize) done
Event: 168.922 Executing safepoint VM operation: Cleanup
Event: 168.922 Executing safepoint VM operation: Cleanup done
Event: 169.932 Executing safepoint VM operation: Cleanup
Event: 169.932 Executing safepoint VM operation: Cleanup done
Event: 171.949 Executing safepoint VM operation: Cleanup
Event: 171.949 Executing safepoint VM operation: Cleanup done
Event: 173.963 Executing safepoint VM operation: Cleanup
Event: 173.963 Executing safepoint VM operation: Cleanup done
Event: 174.972 Executing safepoint VM operation: Cleanup
Event: 174.972 Executing safepoint VM operation: Cleanup done

Memory protections (0 events):
No events

Nmethod flushes (0 events):
No events

Events (20 events):
Event: 2.113 Thread 0x0000021178ff1750 Thread added: 0x0000021115674f90
Event: 3.399 Thread 0x0000021178ff1750 Thread added: 0x0000021115640ec0
Event: 32.803 Thread 0x00000211153bd730 Thread added: 0x000002111559cea0
Event: 32.807 Thread 0x00000211153bd730 Thread added: 0x000002111559d550
Event: 33.019 Thread 0x000002111559d550 Thread exited: 0x000002111559d550
Event: 33.019 Thread 0x000002111559cea0 Thread exited: 0x000002111559cea0
Event: 51.913 Thread 0x00000211153bd730 Thread added: 0x000002111585a250
Event: 53.627 Thread 0x000002111585a250 Thread exited: 0x000002111585a250
Event: 65.972 Thread 0x00000211153bd730 Thread added: 0x00000211159ef710
Event: 66.108 Thread 0x00000211159ef710 Thread exited: 0x00000211159ef710
Event: 133.917 Thread 0x0000021178ff1750 Thread added: 0x00000211159159e0
Event: 139.536 Thread 0x0000021178ff1750 Thread added: 0x0000021115fd92d0
Event: 140.722 Thread 0x0000021178ff1750 Thread added: 0x000002115bc20190
Event: 167.938 Thread 0x0000021115fd92d0 Thread added: 0x000002115b9b5820
Event: 168.071 Thread 0x000002115b9b5820 Thread added: 0x000002115c47e680
Event: 170.659 Thread 0x000002115b9b5820 Thread added: 0x000002115b5560e0
Event: 174.510 Thread 0x000002115b9b5820 Thread added: 0x000002115b8fdc10
Event: 174.705 Thread 0x000002115b8fdc10 Thread added: 0x000002115b8fe280
Event: 174.807 Thread 0x000002115b8fdc10 Thread added: 0x000002115c16cf20
Event: 174.826 Thread 0x000002115b8fdc10 Thread added: 0x000002115c16c890


Dynamic libraries:
0x00007ff797e40000 - 0x00007ff797e4e000 	C:\Users\Coding\.vscode\extensions\redhat.java-1.56.0-win32-x64\jre\21.0.12.1-win32-x86_64\bin\java.exe
0x00007ff9e5f00000 - 0x00007ff9e6167000 	C:\WINDOWS\SYSTEM32\ntdll.dll
0x00007ff9e4c60000 - 0x00007ff9e4d2b000 	C:\WINDOWS\System32\KERNEL32.DLL
0x00007ff9e3730000 - 0x00007ff9e3b31000 	C:\WINDOWS\System32\KERNELBASE.dll
0x00007ff9dff40000 - 0x00007ff9dffdf000 	C:\WINDOWS\SYSTEM32\apphelp.dll
0x00007ff9e35d0000 - 0x00007ff9e371c000 	C:\WINDOWS\System32\ucrtbase.dll
0x00007ff8eb8c0000 - 0x00007ff8eb8d8000 	C:\Users\Coding\.vscode\extensions\redhat.java-1.56.0-win32-x64\jre\21.0.12.1-win32-x86_64\bin\jli.dll
0x00007ff8eb8e0000 - 0x00007ff8eb8fe000 	C:\Users\Coding\.vscode\extensions\redhat.java-1.56.0-win32-x64\jre\21.0.12.1-win32-x86_64\bin\VCRUNTIME140.dll
0x00007ff9e40b0000 - 0x00007ff9e4287000 	C:\WINDOWS\System32\USER32.dll
0x00007ff9e3bf0000 - 0x00007ff9e3c17000 	C:\WINDOWS\System32\win32u.dll
0x00007ff9e4d30000 - 0x00007ff9e4d5b000 	C:\WINDOWS\System32\GDI32.dll
0x00007ff9e33e0000 - 0x00007ff9e3508000 	C:\WINDOWS\System32\gdi32full.dll
0x00007ff9e3b40000 - 0x00007ff9e3be3000 	C:\WINDOWS\System32\msvcp_win.dll
0x00007ff9d1590000 - 0x00007ff9d1820000 	C:\WINDOWS\WinSxS\amd64_microsoft.windows.common-controls_6595b64144ccf1df_6.0.26100.9549_none_3e0a0396e3330090\COMCTL32.dll
0x00007ff9e5290000 - 0x00007ff9e5339000 	C:\WINDOWS\System32\msvcrt.dll
0x00007ff9e5190000 - 0x00007ff9e51c1000 	C:\WINDOWS\System32\IMM32.DLL
0x00007ff9d7880000 - 0x00007ff9d788c000 	C:\Users\Coding\.vscode\extensions\redhat.java-1.56.0-win32-x64\jre\21.0.12.1-win32-x86_64\bin\vcruntime140_1.dll
0x00007ff8eb830000 - 0x00007ff8eb8bd000 	C:\Users\Coding\.vscode\extensions\redhat.java-1.56.0-win32-x64\jre\21.0.12.1-win32-x86_64\bin\msvcp140.dll
0x00007ff8eaa80000 - 0x00007ff8eb822000 	C:\Users\Coding\.vscode\extensions\redhat.java-1.56.0-win32-x64\jre\21.0.12.1-win32-x86_64\bin\server\jvm.dll
0x00007ff9e4e10000 - 0x00007ff9e4ecb000 	C:\WINDOWS\System32\ADVAPI32.dll
0x00007ff9e4d60000 - 0x00007ff9e4e08000 	C:\WINDOWS\System32\sechost.dll
0x00007ff9e55b0000 - 0x00007ff9e56c8000 	C:\WINDOWS\System32\RPCRT4.dll
0x00007ff9e5200000 - 0x00007ff9e5281000 	C:\WINDOWS\System32\WS2_32.dll
0x00007ff9e2f50000 - 0x00007ff9e2fae000 	C:\WINDOWS\SYSTEM32\POWRPROF.dll
0x00007ff9dac20000 - 0x00007ff9dac2b000 	C:\WINDOWS\SYSTEM32\VERSION.dll
0x00007ff9dabe0000 - 0x00007ff9dac17000 	C:\WINDOWS\SYSTEM32\WINMM.dll
0x00007ff9e2f30000 - 0x00007ff9e2f45000 	C:\WINDOWS\SYSTEM32\UMPDC.dll
0x00007ff9e1d60000 - 0x00007ff9e1d7b000 	C:\WINDOWS\SYSTEM32\kernel.appcore.dll
0x00007ff9d7840000 - 0x00007ff9d784a000 	C:\Users\Coding\.vscode\extensions\redhat.java-1.56.0-win32-x64\jre\21.0.12.1-win32-x86_64\bin\jimage.dll
0x00007ff9d5b30000 - 0x00007ff9d5d7c000 	C:\WINDOWS\SYSTEM32\DBGHELP.DLL
0x00007ff9e5770000 - 0x00007ff9e5afa000 	C:\WINDOWS\System32\combase.dll
0x00007ff9e50b0000 - 0x00007ff9e5189000 	C:\WINDOWS\System32\OLEAUT32.dll
0x00007ff9cd850000 - 0x00007ff9cd88b000 	C:\WINDOWS\SYSTEM32\dbgcore.DLL
0x00007ff9e3510000 - 0x00007ff9e35bc000 	C:\WINDOWS\System32\bcryptPrimitives.dll
0x00007ff9669f0000 - 0x00007ff9669ff000 	C:\Users\Coding\.vscode\extensions\redhat.java-1.56.0-win32-x64\jre\21.0.12.1-win32-x86_64\bin\instrument.dll
0x00007ff8ea800000 - 0x00007ff8ea820000 	C:\Users\Coding\.vscode\extensions\redhat.java-1.56.0-win32-x64\jre\21.0.12.1-win32-x86_64\bin\java.dll
0x00007ff9e4320000 - 0x00007ff9e4abc000 	C:\WINDOWS\System32\SHELL32.dll
0x00007ff9e0b00000 - 0x00007ff9e13ad000 	C:\WINDOWS\SYSTEM32\windows.storage.dll
0x00007ff9e5b10000 - 0x00007ff9e5c09000 	C:\WINDOWS\System32\SHCORE.dll
0x00007ff9e4f40000 - 0x00007ff9e4fa6000 	C:\WINDOWS\System32\shlwapi.dll
0x00007ff9e3010000 - 0x00007ff9e3039000 	C:\WINDOWS\SYSTEM32\profapi.dll
0x00007ff8ea7e0000 - 0x00007ff8ea7f8000 	C:\Users\Coding\.vscode\extensions\redhat.java-1.56.0-win32-x64\jre\21.0.12.1-win32-x86_64\bin\zip.dll
0x00007ff96ab00000 - 0x00007ff96ab10000 	C:\Users\Coding\.vscode\extensions\redhat.java-1.56.0-win32-x64\jre\21.0.12.1-win32-x86_64\bin\net.dll
0x00007ff9dbd20000 - 0x00007ff9dbe4a000 	C:\WINDOWS\SYSTEM32\WINHTTP.dll
0x00007ff9e2300000 - 0x00007ff9e236c000 	C:\WINDOWS\system32\mswsock.dll
0x00007ff8e9c80000 - 0x00007ff8e9c96000 	C:\Users\Coding\.vscode\extensions\redhat.java-1.56.0-win32-x64\jre\21.0.12.1-win32-x86_64\bin\nio.dll
0x00007ff962f20000 - 0x00007ff962f30000 	C:\Users\Coding\.vscode\extensions\redhat.java-1.56.0-win32-x64\jre\21.0.12.1-win32-x86_64\bin\verify.dll
0x00007ff9d4590000 - 0x00007ff9d45b7000 	C:\Users\Coding\.gradle\native\660c5614fbf4a5f2a75b1949f50a0caf5cd603558e7d8a26e50b933a0cfb79d1\windows-amd64\native-platform.dll
0x00007ff9db600000 - 0x00007ff9db677000 	C:\Users\Coding\.gradle\native\0.2.8\x86_64-windows-gnu\gradle-fileevents.dll
0x00007ff968940000 - 0x00007ff96894a000 	C:\Users\Coding\.vscode\extensions\redhat.java-1.56.0-win32-x64\jre\21.0.12.1-win32-x86_64\bin\management.dll
0x00007ff968930000 - 0x00007ff96893c000 	C:\Users\Coding\.vscode\extensions\redhat.java-1.56.0-win32-x64\jre\21.0.12.1-win32-x86_64\bin\management_ext.dll
0x00007ff9e5400000 - 0x00007ff9e5408000 	C:\WINDOWS\System32\PSAPI.DLL
0x00007ff9e1710000 - 0x00007ff9e1743000 	C:\WINDOWS\SYSTEM32\IPHLPAPI.DLL
0x00007ff9e4ed0000 - 0x00007ff9e4eda000 	C:\WINDOWS\System32\NSI.dll
0x00007ff9689d0000 - 0x00007ff9689d9000 	C:\Users\Coding\.vscode\extensions\redhat.java-1.56.0-win32-x64\jre\21.0.12.1-win32-x86_64\bin\extnet.dll
0x00007ff9e2740000 - 0x00007ff9e275b000 	C:\WINDOWS\SYSTEM32\CRYPTSP.dll
0x00007ff9e1cc0000 - 0x00007ff9e1cf9000 	C:\WINDOWS\system32\rsaenh.dll
0x00007ff9e23b0000 - 0x00007ff9e23e4000 	C:\WINDOWS\SYSTEM32\USERENV.dll
0x00007ff9e2fe0000 - 0x00007ff9e300a000 	C:\WINDOWS\SYSTEM32\bcrypt.dll
0x00007ff9e2560000 - 0x00007ff9e256c000 	C:\WINDOWS\SYSTEM32\CRYPTBASE.dll
0x00007ff96a3d0000 - 0x00007ff96a3de000 	C:\Users\Coding\.vscode\extensions\redhat.java-1.56.0-win32-x64\jre\21.0.12.1-win32-x86_64\bin\sunmscapi.dll
0x00007ff9e3250000 - 0x00007ff9e33cf000 	C:\WINDOWS\System32\CRYPT32.dll
0x00007ff9e28b0000 - 0x00007ff9e28e0000 	C:\WINDOWS\SYSTEM32\ncrypt.dll
0x00007ff9e2860000 - 0x00007ff9e289f000 	C:\WINDOWS\SYSTEM32\NTASN1.dll
0x00007ff983db0000 - 0x00007ff983db8000 	C:\WINDOWS\system32\wshunix.dll

JVMTI agents:
C:\Users\Coding\.gradle\wrapper\dists\gradle-9.7.1-bin\1w1c7tv4s851m17nbqdsro2tv\gradle-9.7.1\lib\agents\gradle-instrumentation-agent-9.7.1.jar path:C:\Users\Coding\.vscode\extensions\redhat.java-1.56.0-win32-x64\jre\21.0.12.1-win32-x86_64\bin\instrument.dll, loaded, initialized, instrumentlib options:none

dbghelp: loaded successfully - version: 4.0.5 - missing functions: none
symbol engine: initialized successfully - sym options: 0x614 - pdb path: .;C:\Users\Coding\.vscode\extensions\redhat.java-1.56.0-win32-x64\jre\21.0.12.1-win32-x86_64\bin;C:\WINDOWS\SYSTEM32;C:\WINDOWS\WinSxS\amd64_microsoft.windows.common-controls_6595b64144ccf1df_6.0.26100.9549_none_3e0a0396e3330090;C:\Users\Coding\.vscode\extensions\redhat.java-1.56.0-win32-x64\jre\21.0.12.1-win32-x86_64\bin\server;C:\Users\Coding\.gradle\native\660c5614fbf4a5f2a75b1949f50a0caf5cd603558e7d8a26e50b933a0cfb79d1\windows-amd64;C:\Users\Coding\.gradle\native\0.2.8\x86_64-windows-gnu

VM Arguments:
jvm_args: --add-opens=java.base/java.lang=ALL-UNNAMED --add-opens=java.base/java.lang.invoke=ALL-UNNAMED --add-opens=java.base/java.util=ALL-UNNAMED --add-opens=java.prefs/java.util.prefs=ALL-UNNAMED --add-exports=jdk.compiler/com.sun.tools.javac.api=ALL-UNNAMED --add-exports=jdk.compiler/com.sun.tools.javac.util=ALL-UNNAMED --add-opens=java.base/java.nio.charset=ALL-UNNAMED --add-opens=java.base/java.net=ALL-UNNAMED --add-opens=java.base/java.util.concurrent=ALL-UNNAMED --add-opens=java.base/java.util.concurrent.atomic=ALL-UNNAMED --add-opens=java.xml/javax.xml.namespace=ALL-UNNAMED --add-opens=java.base/java.time=ALL-UNNAMED -Dfile.encoding=UTF-8 -Duser.country=KR -Duser.language=ko -Duser.variant -javaagent:C:\Users\Coding\.gradle\wrapper\dists\gradle-9.7.1-bin\1w1c7tv4s851m17nbqdsro2tv\gradle-9.7.1\lib\agents\gradle-instrumentation-agent-9.7.1.jar 
java_command: org.gradle.launcher.daemon.bootstrap.GradleDaemon 9.7.1
java_class_path (initial): C:\Users\Coding\.gradle\wrapper\dists\gradle-9.7.1-bin\1w1c7tv4s851m17nbqdsro2tv\gradle-9.7.1\lib\gradle-daemon-main-9.7.1.jar
Launcher Type: SUN_STANDARD

[Global flags]
     intx CICompilerCount                          = 4                                         {product} {ergonomic}
     uint ConcGCThreads                            = 3                                         {product} {ergonomic}
     uint G1ConcRefinementThreads                  = 10                                        {product} {ergonomic}
   size_t G1HeapRegionSize                         = 2097152                                   {product} {ergonomic}
    uintx GCDrainStackTargetSize                   = 64                                        {product} {ergonomic}
   size_t InitialHeapSize                          = 260046848                                 {product} {ergonomic}
   size_t MarkStackSize                            = 4194304                                   {product} {ergonomic}
   size_t MaxHeapSize                              = 4135583744                                {product} {ergonomic}
   size_t MaxNewSize                               = 2480930816                                {product} {ergonomic}
   size_t MinHeapDeltaBytes                        = 2097152                                   {product} {ergonomic}
   size_t MinHeapSize                              = 8388608                                   {product} {ergonomic}
    uintx NonNMethodCodeHeapSize                   = 5839372                                {pd product} {ergonomic}
    uintx NonProfiledCodeHeapSize                  = 122909434                              {pd product} {ergonomic}
    uintx ProfiledCodeHeapSize                     = 122909434                              {pd product} {ergonomic}
    uintx ReservedCodeCacheSize                    = 251658240                              {pd product} {ergonomic}
     bool SegmentedCodeCache                       = true                                      {product} {ergonomic}
   size_t SoftMaxHeapSize                          = 4135583744                             {manageable} {ergonomic}
     bool UseCompressedOops                        = true                           {product lp64_product} {ergonomic}
     bool UseG1GC                                  = true                                      {product} {ergonomic}
     bool UseLargePagesIndividualAllocation        = false                                  {pd product} {ergonomic}

Logging:
Log output configuration:
 #0: stdout all=warning uptime,level,tags foldmultilines=false
 #1: stderr all=off uptime,level,tags foldmultilines=false

Release file:
JAVA_VERSION="21.0.12.1" 
MODULES="java.base java.compiler java.datatransfer java.xml java.prefs java.desktop java.instrument java.logging java.management java.security.sasl java.naming java.rmi java.management.rmi java.net.http java.scripting java.security.jgss java.transaction.xa java.sql java.sql.rowset java.xml.crypto java.se java.smartcardio jdk.accessibility jdk.internal.jvmstat jdk.attach jdk.charsets jdk.internal.opt jdk.zipfs jdk.compiler jdk.crypto.ec jdk.crypto.cryptoki jdk.crypto.mscapi jdk.dynalink jdk.internal.ed jdk.editpad jdk.hotspot.agent jdk.httpserver jdk.internal.le jdk.internal.vm.ci jdk.internal.vm.compiler jdk.internal.vm.compiler.management jdk.jartool jdk.javadoc jdk.jcmd jdk.management jdk.management.agent jdk.jconsole jdk.jdeps jdk.jdwp.agent jdk.jdi jdk.jfr jdk.jshell jdk.jsobject jdk.jstatd jdk.localedata jdk.management.jfr jdk.naming.dns jdk.naming.rmi jdk.net jdk.nio.mapmode jdk.random jdk.sctp jdk.security.auth jdk.security.jgss jdk.unsupported jdk.unsupported.desktop jdk.xml.dom" 

Environment Variables:
JAVA_HOME=C:\Users\Coding\AppData\Local\Programs\Eclipse Adoptium\jdk-17.0.7.7-hotspot\
PATH=C:\app\Coding\product\21c\dbhomeXE\bin;c:\Users\Coding\AppData\Local\Programs\cursor\resources\app\bin;C:\oracle\app\oracle\product\19.0.0.0\db_1\bin;C:\WINDOWS\system32;C:\WINDOWS;C:\WINDOWS\System32\Wbem;C:\WINDOWS\System32\WindowsPowerShell\v1.0\;C:\WINDOWS\System32\OpenSSH\;C:\Program Files\Bandizip\;C:\Program Files\Git\cmd;C:\Users\Coding\AppData\Local\Programs\Python\Python313\Scripts\;C:\Users\Coding\AppData\Local\Programs\Python\Python313\;C:\Users\Coding\AppData\Local\Programs\Python\Launcher\;C:\Users\Coding\AppData\Local\Programs\Eclipse Adoptium\jdk-17.0.7.7-hotspot\bin;C:\Users\Coding\AppData\Local\Microsoft\WindowsApps;C:\Users\Coding\AppData\Roaming\npm;C:\Program Files\JetBrains\IntelliJ IDEA Community Edition 2024.2.0.2\bin;C:\Users\Coding\AppData\Local\Programs\cursor\resources\app\bin;c:\Users\Coding\AppData\Local\Programs\cursor\resources\app\bin;C:\Users\Coding\AppData\Local\nvm;C:\nvm4w\nodejs;C:\Program Files\cursor\resources\app\bin;C:\Program Files\GitHub CLI\;C:\Users\Coding\AppData\Local\Programs\Microsoft VS Code\bin;C:\Users\Coding\AppData\Local\nvm;C:\nvm4w\nodejs;C:\Users\Coding\AppData\Local\JetBrains\Toolbox\scripts
USERNAME=Coding
OS=Windows_NT
PROCESSOR_IDENTIFIER=AMD64 Family 25 Model 80 Stepping 0, AuthenticAMD
TMP=C:\Users\Coding\AppData\Local\Temp
TEMP=C:\Users\Coding\AppData\Local\Temp




Periodic native trim disabled

---------------  S Y S T E M  ---------------

OS:
 Windows 11 , 64 bit Build 26100 (10.0.26100.9549)
OS uptime: 0 days 1:51 hours
Hyper-V role detected

CPU: total 12 (initial active 12) (12 cores per cpu, 2 threads per core) family 25 model 80 stepping 0 microcode 0xa50000c, cx8, cmov, fxsr, ht, mmx, 3dnowpref, sse, sse2, sse3, ssse3, sse4a, sse4.1, sse4.2, popcnt, lzcnt, tsc, tscinvbit, avx, avx2, aes, erms, clmul, bmi1, bmi2, adx, sha, fma, vzeroupper, clflush, clflushopt, hv, rdtscp, rdpid, fsrm, f16c, cet_ss
Processor Information for the first 12 processors :
  Max Mhz: 2301, Current Mhz: 2301, Mhz Limit: 2301

Memory: 4k page, system-wide physical 15774M (174M free)
TotalPageFile size 64926M (AvailPageFile size 795M)
current process WorkingSet (physical memory assigned to process): 74M, peak: 117M
current process commit charge ("private bytes"): 382M, peak: 382M

vm_info: OpenJDK 64-Bit Server VM (21.0.12.1+1-LTS) for windows-amd64 JRE (21.0.12.1+1-LTS), built on 2026-08-18T00:00:00Z by "admin" with MS VC++ 17.12 (VS2022)

END.
